seed,N,D,num_clusters,lengthscale_mult,lengthscale,kernel_var,noise_var,method,proj,ctr,feature_dist,rmse,test_kl,test_mnll,test_mean_mse,test_var_mse
0.0,10000.0,100.0,,0.1,0.24403412640094757,0.5063005685806274,0.20189648866653442,rff,gaussian,0.0,None,0.48323550820350647,1687.6446533203125,0.6964190602302551,0.04810011014342308,0.00015685670950915664
0.0,10000.0,100.0,2348,0.1,0.24403412640094757,0.5063005685806274,0.20189648866653442,maclaurin,rademacher,0.0,"[2, 3, 5, 9, 15, 25, 40]",0.4870092272758484,1526.428466796875,0.7051355838775635,0.04334551468491554,1.9772494852077216e-05
0.0,10000.0,100.0,2369,0.1,0.24403412640094757,0.5063005685806274,0.20189648866653442,maclaurin,rademacher,1.0,"[2, 2, 3, 5, 8, 12, 17]",0.4979685842990875,2108.107177734375,0.7315191030502319,0.06018806993961334,3.117970118182711e-05
0.0,10000.0,100.0,2364,0.1,0.24403412640094757,0.5063005685806274,0.20189648866653442,maclaurin,srht,0.0,"[2, 3, 4, 8, 15, 26, 41]",0.472893089056015,1275.916259765625,0.6723001599311829,0.03617231175303459,1.7122680219472386e-05
0.0,10000.0,100.0,2355,0.1,0.24403412640094757,0.5063005685806274,0.20189648866653442,maclaurin,srht,1.0,"[2, 2, 3, 5, 8, 12, 17]",0.47474923729896545,1341.327880859375,0.6756426095962524,0.038310930132865906,2.2706166419084184e-05
0.0,10000.0,100.0,,0.2,0.24403412640094757,0.5063005685806274,0.20189648866653442,rff,gaussian,0.0,None,0.48335686326026917,1578.536865234375,0.6967636346817017,0.045298244804143906,0.00016013382992241532
0.0,10000.0,100.0,1265,0.2,0.24403412640094757,0.5063005685806274,0.20189648866653442,maclaurin,rademacher,0.0,"[2, 3, 5, 9, 15, 25, 40]",0.4799503982067108,1428.23779296875,0.6889523863792419,0.040508877485990524,1.5090922715899069e-05
0.0,10000.0,100.0,1265,0.2,0.24403412640094757,0.5063005685806274,0.20189648866653442,maclaurin,rademacher,1.0,"[2, 2, 3, 5, 8, 12, 17]",0.48689794540405273,1612.496337890625,0.7031365633010864,0.0471050925552845,1.78210211743135e-05
0.0,10000.0,100.0,1264,0.2,0.24403412640094757,0.5063005685806274,0.20189648866653442,maclaurin,srht,0.0,"[2, 3, 4, 8, 15, 26, 41]",0.4782039225101471,1440.459228515625,0.6848496794700623,0.04066025838255882,2.2108324628788978e-05
0.0,10000.0,100.0,1267,0.2,0.24403412640094757,0.5063005685806274,0.20189648866653442,maclaurin,srht,1.0,"[2, 2, 3, 5, 8, 12, 17]",0.4726978838443756,1203.89306640625,0.6718648076057434,0.03417952358722687,1.6700521427992499e-06
0.0,10000.0,100.0,,0.3,0.24403412640094757,0.5063005685806274,0.20189648866653442,rff,gaussian,0.0,None,0.48774388432502747,1754.6553955078125,0.7072300314903259,0.05021604150533676,0.00016124114335980266
0.0,10000.0,100.0,886,0.3,0.24403412640094757,0.5063005685806274,0.20189648866653442,maclaurin,rademacher,0.0,"[2, 3, 5, 9, 15, 25, 40]",0.4821760356426239,1421.3919677734375,0.6940239667892456,0.04023745656013489,1.537978278065566e-05
0.0,10000.0,100.0,886,0.3,0.24403412640094757,0.5063005685806274,0.20189648866653442,maclaurin,rademacher,1.0,"[2, 2, 3, 5, 8, 12, 17]",0.49720868468284607,1988.195068359375,0.7291123270988464,0.0568973571062088,2.291602868353948e-05
0.0,10000.0,100.0,888,0.3,0.24403412640094757,0.5063005685806274,0.20189648866653442,maclaurin,srht,0.0,"[2, 3, 4, 8, 15, 26, 41]",0.47050946950912476,1251.519775390625,0.6669201850891113,0.035539187490940094,6.3903439695423e-06
0.0,10000.0,100.0,887,0.3,0.24403412640094757,0.5063005685806274,0.20189648866653442,maclaurin,srht,1.0,"[2, 2, 3, 5, 8, 12, 17]",0.4771016538143158,1350.8271484375,0.6812869310379028,0.038619350641965866,2.4558548830100335e-06
0.0,10000.0,100.0,,0.4,0.24403412640094757,0.5063005685806274,0.20189648866653442,rff,gaussian,0.0,None,0.49256426095962524,1935.84228515625,0.7183428406715393,0.05597326532006264,0.0001563450350658968
0.0,10000.0,100.0,642,0.4,0.24403412640094757,0.5063005685806274,0.20189648866653442,maclaurin,rademacher,0.0,"[2, 3, 5, 9, 15, 25, 40]",0.4752761721611023,1274.2755126953125,0.6779067516326904,0.03606763854622841,5.449518539535347e-06
0.0,10000.0,100.0,642,0.4,0.24403412640094757,0.5063005685806274,0.20189648866653442,maclaurin,rademacher,1.0,"[2, 2, 3, 5, 8, 12, 17]",0.4793589115142822,1397.31689453125,0.686924934387207,0.03990045189857483,1.69906943483511e-05
0.0,10000.0,100.0,646,0.4,0.24403412640094757,0.5063005685806274,0.20189648866653442,maclaurin,srht,0.0,"[2, 3, 4, 8, 15, 26, 41]",0.4733201265335083,1340.1815185546875,0.6734932065010071,0.037860289216041565,1.860170414147433e-05
0.0,10000.0,100.0,642,0.4,0.24403412640094757,0.5063005685806274,0.20189648866653442,maclaurin,srht,1.0,"[2, 2, 3, 5, 8, 12, 17]",0.4705737829208374,1164.237060546875,0.6662417054176331,0.03317694365978241,1.9260633052908815e-06
0.0,10000.0,100.0,,0.5,0.24403412640094757,0.5063005685806274,0.20189648866653442,rff,gaussian,0.0,None,0.5024060606956482,2207.16015625,0.7417138814926147,0.06448263674974442,0.00015847582835704088
0.0,10000.0,100.0,509,0.5,0.24403412640094757,0.5063005685806274,0.20189648866653442,maclaurin,rademacher,0.0,"[2, 3, 5, 9, 15, 25, 40]",0.4943822920322418,1854.1865234375,0.7226083874702454,0.05302852392196655,2.182843854825478e-05
0.0,10000.0,100.0,510,0.5,0.24403412640094757,0.5063005685806274,0.20189648866653442,maclaurin,rademacher,1.0,"[2, 2, 3, 5, 8, 12, 17]",0.4890623092651367,1754.5001220703125,0.7086052298545837,0.05085325613617897,1.678583794273436e-05
0.0,10000.0,100.0,509,0.5,0.24403412640094757,0.5063005685806274,0.20189648866653442,maclaurin,srht,0.0,"[2, 3, 4, 8, 15, 26, 41]",0.4759560227394104,1277.576904296875,0.6789897680282593,0.036398641765117645,2.4315386326634325e-06
0.0,10000.0,100.0,510,0.5,0.24403412640094757,0.5063005685806274,0.20189648866653442,maclaurin,srht,1.0,"[2, 2, 3, 5, 8, 12, 17]",0.4760838449001312,1428.9462890625,0.6799312233924866,0.04034208878874779,1.817783049773425e-05
0.0,10000.0,100.0,,1.0,0.24403412640094757,0.5063005685806274,0.20189648866653442,rff,gaussian,0.0,None,0.4885287582874298,1787.1552734375,0.709076464176178,0.05110577121376991,0.00015938960132189095
0.0,10000.0,100.0,183,1.0,0.24403412640094757,0.5063005685806274,0.20189648866653442,maclaurin,rademacher,0.0,"[2, 3, 5, 9, 15, 25, 40]",0.4753105044364929,1313.6649169921875,0.6773631572723389,0.037462443113327026,1.605974648555275e-05
0.0,10000.0,100.0,183,1.0,0.24403412640094757,0.5063005685806274,0.20189648866653442,maclaurin,rademacher,1.0,"[2, 2, 3, 5, 8, 12, 17]",0.48287278413772583,1482.037841796875,0.6946579813957214,0.04225299879908562,2.470403524057474e-05
0.0,10000.0,100.0,183,1.0,0.24403412640094757,0.5063005685806274,0.20189648866653442,maclaurin,srht,0.0,"[2, 3, 4, 8, 15, 26, 41]",0.46918752789497375,1124.369140625,0.6641128063201904,0.031696442514657974,4.4451803660194855e-06
0.0,10000.0,100.0,183,1.0,0.24403412640094757,0.5063005685806274,0.20189648866653442,maclaurin,srht,1.0,"[2, 2, 3, 5, 8, 12, 17]",0.47687724232673645,1317.0224609375,0.6807012557983398,0.037522830069065094,5.938766662438866e-06
0.0,10000.0,100.0,,1.5,0.24403412640094757,0.5063005685806274,0.20189648866653442,rff,gaussian,0.0,None,0.4865315854549408,1698.110595703125,0.7045264840126038,0.048246245831251144,0.00015993327542673796
0.0,10000.0,100.0,94,1.5,0.24403412640094757,0.5063005685806274,0.20189648866653442,maclaurin,rademacher,0.0,"[2, 3, 5, 9, 15, 25, 40]",0.46897387504577637,1117.263671875,0.6629010438919067,0.03165341541171074,6.2185354181565344e-06
0.0,10000.0,100.0,94,1.5,0.24403412640094757,0.5063005685806274,0.20189648866653442,maclaurin,rademacher,1.0,"[2, 2, 3, 5, 8, 12, 17]",0.479543000459671,1488.342041015625,0.6852355003356934,0.04304957762360573,3.740366446436383e-05
0.0,10000.0,100.0,94,1.5,0.24403412640094757,0.5063005685806274,0.20189648866653442,maclaurin,srht,0.0,"[2, 3, 4, 8, 15, 26, 41]",0.47269389033317566,1165.53662109375,0.6707369685173035,0.03318548575043678,6.104883141233586e-06
0.0,10000.0,100.0,94,1.5,0.24403412640094757,0.5063005685806274,0.20189648866653442,maclaurin,srht,1.0,"[2, 2, 3, 5, 8, 12, 17]",0.4760812520980835,1275.466552734375,0.6789258718490601,0.036332085728645325,1.1741558409994468e-05
0.0,10000.0,100.0,,2.0,0.24403412640094757,0.5063005685806274,0.20189648866653442,rff,gaussian,0.0,None,0.49036818742752075,1886.7174072265625,0.7137081623077393,0.053650468587875366,0.00016391405370086432
0.0,10000.0,100.0,59,2.0,0.24403412640094757,0.5063005685806274,0.20189648866653442,maclaurin,rademacher,0.0,"[2, 3, 5, 9, 15, 25, 40]",0.4875035583972931,1679.036376953125,0.7045755386352539,0.048713840544223785,3.345985896885395e-05
0.0,10000.0,100.0,59,2.0,0.24403412640094757,0.5063005685806274,0.20189648866653442,maclaurin,rademacher,1.0,"[2, 2, 3, 5, 8, 12, 17]",0.4778551161289215,1412.123291015625,0.6836373805999756,0.04014664515852928,3.568070678738877e-05
0.0,10000.0,100.0,59,2.0,0.24403412640094757,0.5063005685806274,0.20189648866653442,maclaurin,srht,0.0,"[2, 3, 4, 8, 15, 26, 41]",0.4766591787338257,1380.485107421875,0.6809125542640686,0.039285678416490555,2.7482474251883104e-05
0.0,10000.0,100.0,59,2.0,0.24403412640094757,0.5063005685806274,0.20189648866653442,maclaurin,srht,1.0,"[2, 2, 3, 5, 8, 12, 17]",0.4810861349105835,1519.81298828125,0.690449595451355,0.04369392618536949,3.1915868021314964e-05
1.0,10000.0,100.0,,0.1,0.24403412640094757,0.5063005685806274,0.20189648866653442,rff,gaussian,0.0,None,0.4861023724079132,1752.85205078125,0.7033249735832214,0.0501650907099247,0.00016204976418521255
1.0,10000.0,100.0,2370,0.1,0.24403412640094757,0.5063005685806274,0.20189648866653442,maclaurin,rademacher,0.0,"[2, 3, 5, 9, 15, 25, 40]",0.4977566599845886,1986.5400390625,0.7320534586906433,0.05577930808067322,2.5533456209814176e-05
1.0,10000.0,100.0,2357,0.1,0.24403412640094757,0.5063005685806274,0.20189648866653442,maclaurin,rademacher,1.0,"[2, 2, 3, 5, 8, 12, 17]",0.4860261082649231,1633.9111328125,0.7023007273674011,0.046931542456150055,2.604460678412579e-05
1.0,10000.0,100.0,2362,0.1,0.24403412640094757,0.5063005685806274,0.20189648866653442,maclaurin,srht,0.0,"[2, 3, 4, 8, 15, 26, 41]",0.47453293204307556,1256.764404296875,0.6761775612831116,0.03565649315714836,1.4496312360279262e-05
1.0,10000.0,100.0,2349,0.1,0.24403412640094757,0.5063005685806274,0.20189648866653442,maclaurin,srht,1.0,"[2, 2, 3, 5, 8, 12, 17]",0.47780928015708923,1428.64404296875,0.6835069060325623,0.040549833327531815,3.302353070466779e-05
1.0,10000.0,100.0,,0.2,0.24403412640094757,0.5063005685806274,0.20189648866653442,rff,gaussian,0.0,None,0.48274946212768555,1683.956787109375,0.6955999732017517,0.048016879707574844,0.00016109313583001494
1.0,10000.0,100.0,1265,0.2,0.24403412640094757,0.5063005685806274,0.20189648866653442,maclaurin,rademacher,0.0,"[2, 3, 5, 9, 15, 25, 40]",0.4680802822113037,1047.9974365234375,0.6616002321243286,0.029670802876353264,1.5219155784507166e-06
1.0,10000.0,100.0,1259,0.2,0.24403412640094757,0.5063005685806274,0.20189648866653442,maclaurin,rademacher,1.0,"[2, 2, 3, 5, 8, 12, 17]",0.4922441244125366,1699.268798828125,0.7168344855308533,0.04854009300470352,7.4148115345451515e-06
1.0,10000.0,100.0,1266,0.2,0.24403412640094757,0.5063005685806274,0.20189648866653442,maclaurin,srht,0.0,"[2, 3, 4, 8, 15, 26, 41]",0.47790589928627014,1423.69580078125,0.6836751699447632,0.04071708023548126,1.0470892448211089e-05
1.0,10000.0,100.0,1263,0.2,0.24403412640094757,0.5063005685806274,0.20189648866653442,maclaurin,srht,1.0,"[2, 2, 3, 5, 8, 12, 17]",0.4803462624549866,1509.001708984375,0.6889684796333313,0.043107833713293076,3.368506077094935e-05
1.0,10000.0,100.0,,0.3,0.24403412640094757,0.5063005685806274,0.20189648866653442,rff,gaussian,0.0,None,0.5062900185585022,2213.86962890625,0.7511418461799622,0.06622849404811859,0.0001663992297835648
1.0,10000.0,100.0,886,0.3,0.24403412640094757,0.5063005685806274,0.20189648866653442,maclaurin,rademacher,0.0,"[2, 3, 5, 9, 15, 25, 40]",0.4840216636657715,1630.5908203125,0.6973391175270081,0.046814702451229095,3.710370947374031e-05
1.0,10000.0,100.0,886,0.3,0.24403412640094757,0.5063005685806274,0.20189648866653442,maclaurin,rademacher,1.0,"[2, 2, 3, 5, 8, 12, 17]",0.4748883545398712,1236.620361328125,0.6751293540000916,0.03561757132411003,2.1728731098846765e-06
1.0,10000.0,100.0,886,0.3,0.24403412640094757,0.5063005685806274,0.20189648866653442,maclaurin,srht,0.0,"[2, 3, 4, 8, 15, 26, 41]",0.46502816677093506,1142.8497314453125,0.6544972658157349,0.0323464535176754,1.4401226508198306e-05
1.0,10000.0,100.0,887,0.3,0.24403412640094757,0.5063005685806274,0.20189648866653442,maclaurin,srht,1.0,"[2, 2, 3, 5, 8, 12, 17]",0.4842908978462219,1656.214599609375,0.6980928778648376,0.04753974825143814,3.4480850445106626e-05
1.0,10000.0,100.0,,0.4,0.24403412640094757,0.5063005685806274,0.20189648866653442,rff,gaussian,0.0,None,0.4818582534790039,1562.7645263671875,0.6934648156166077,0.044478513300418854,0.00016065237286966294
1.0,10000.0,100.0,642,0.4,0.24403412640094757,0.5063005685806274,0.20189648866653442,maclaurin,rademacher,0.0,"[2, 3, 5, 9, 15, 25, 40]",0.48353978991508484,1477.0479736328125,0.6966590285301208,0.042205363512039185,2.0342602510936558e-05
1.0,10000.0,100.0,642,0.4,0.24403412640094757,0.5063005685806274,0.20189648866653442,maclaurin,rademacher,1.0,"[2, 2, 3, 5, 8, 12, 17]",0.4920301139354706,1819.986328125,0.7157222032546997,0.05239596962928772,2.614841469039675e-05
1.0,10000.0,100.0,642,0.4,0.24403412640094757,0.5063005685806274,0.20189648866653442,maclaurin,srht,0.0,"[2, 3, 4, 8, 15, 26, 41]",0.4796668589115143,1436.2398681640625,0.6858094334602356,0.04207218810915947,1.2185191735625267e-05
1.0,10000.0,100.0,639,0.4,0.24403412640094757,0.5063005685806274,0.20189648866653442,maclaurin,srht,1.0,"[2, 2, 3, 5, 8, 12, 17]",0.48738956451416016,1583.952880859375,0.703836977481842,0.045770421624183655,4.190591425867751e-06
1.0,10000.0,100.0,,0.5,0.24403412640094757,0.5063005685806274,0.20189648866653442,rff,gaussian,0.0,None,0.4918535649776459,1842.614013671875,0.7169404029846191,0.052838556468486786,0.00016344475443474948
1.0,10000.0,100.0,509,0.5,0.24403412640094757,0.5063005685806274,0.20189648866653442,maclaurin,rademacher,0.0,"[2, 3, 5, 9, 15, 25, 40]",0.4794352650642395,1461.9920654296875,0.6857049465179443,0.04238371178507805,1.080725542124128e-05
1.0,10000.0,100.0,509,0.5,0.24403412640094757,0.5063005685806274,0.20189648866653442,maclaurin,rademacher,1.0,"[2, 2, 3, 5, 8, 12, 17]",0.48346108198165894,1599.39697265625,0.6948429942131042,0.0463869571685791,9.70209021033952e-06
1.0,10000.0,100.0,509,0.5,0.24403412640094757,0.5063005685806274,0.20189648866653442,maclaurin,srht,0.0,"[2, 3, 4, 8, 15, 26, 41]",0.4693726897239685,1125.1944580078125,0.6633946895599365,0.03220592439174652,9.300483725382946e-06
1.0,10000.0,100.0,509,0.5,0.24403412640094757,0.5063005685806274,0.20189648866653442,maclaurin,srht,1.0,"[2, 2, 3, 5, 8, 12, 17]",0.4713151752948761,1232.3736572265625,0.6681200861930847,0.03503045067191124,1.512857124907896e-06
1.0,10000.0,100.0,,1.0,0.24403412640094757,0.5063005685806274,0.20189648866653442,rff,gaussian,0.0,None,0.49100401997566223,1875.760986328125,0.7152575254440308,0.05335335060954094,0.00016063640941865742
1.0,10000.0,100.0,183,1.0,0.24403412640094757,0.5063005685806274,0.20189648866653442,maclaurin,rademacher,0.0,"[2, 3, 5, 9, 15, 25, 40]",0.4813167154788971,1697.299560546875,0.6920544505119324,0.04800711199641228,3.372342689544894e-05
1.0,10000.0,100.0,183,1.0,0.24403412640094757,0.5063005685806274,0.20189648866653442,maclaurin,rademacher,1.0,"[2, 2, 3, 5, 8, 12, 17]",0.4882105588912964,1817.1448974609375,0.7075172662734985,0.051911238580942154,5.264401261229068e-05
1.0,10000.0,100.0,183,1.0,0.24403412640094757,0.5063005685806274,0.20189648866653442,maclaurin,srht,0.0,"[2, 3, 4, 8, 15, 26, 41]",0.4751010537147522,1271.94091796875,0.6764054298400879,0.03628511354327202,1.0795673915708903e-05
1.0,10000.0,100.0,183,1.0,0.24403412640094757,0.5063005685806274,0.20189648866653442,maclaurin,srht,1.0,"[2, 2, 3, 5, 8, 12, 17]",0.48621517419815063,1719.30712890625,0.7025707960128784,0.04921920597553253,3.111205660388805e-05
1.0,10000.0,100.0,,1.5,0.24403412640094757,0.5063005685806274,0.20189648866653442,rff,gaussian,0.0,None,0.48754432797431946,1743.591064453125,0.7065664529800415,0.05008283630013466,0.00015709969738963991
1.0,10000.0,100.0,94,1.5,0.24403412640094757,0.5063005685806274,0.20189648866653442,maclaurin,rademacher,0.0,"[2, 3, 5, 9, 15, 25, 40]",0.47804322838783264,1435.846435546875,0.6827291250228882,0.04147476702928543,2.8157503038528375e-05
1.0,10000.0,100.0,94,1.5,0.24403412640094757,0.5063005685806274,0.20189648866653442,maclaurin,rademacher,1.0,"[2, 2, 3, 5, 8, 12, 17]",0.4774501323699951,1400.650390625,0.6813492774963379,0.040148619562387466,3.203750020475127e-05
1.0,10000.0,100.0,94,1.5,0.24403412640094757,0.5063005685806274,0.20189648866653442,maclaurin,srht,0.0,"[2, 3, 4, 8, 15, 26, 41]",0.4672262668609619,1062.57470703125,0.6592025756835938,0.030056264251470566,1.3071721696178429e-06
1.0,10000.0,100.0,94,1.5,0.24403412640094757,0.5063005685806274,0.20189648866653442,maclaurin,srht,1.0,"[2, 2, 3, 5, 8, 12, 17]",0.4724122881889343,1216.651611328125,0.6695060133934021,0.035139601677656174,1.5238644664350431e-05
1.0,10000.0,100.0,,2.0,0.24403412640094757,0.5063005685806274,0.20189648866653442,rff,gaussian,0.0,None,0.486660361289978,1840.4500732421875,0.704683244228363,0.05249929055571556,0.0001609313621884212
1.0,10000.0,100.0,59,2.0,0.24403412640094757,0.5063005685806274,0.20189648866653442,maclaurin,rademacher,0.0,"[2, 3, 5, 9, 15, 25, 40]",0.47063031792640686,1173.178466796875,0.6663646101951599,0.033601079136133194,1.2370503100100905e-05
1.0,10000.0,100.0,59,2.0,0.24403412640094757,0.5063005685806274,0.20189648866653442,maclaurin,rademacher,1.0,"[2, 2, 3, 5, 8, 12, 17]",0.4842645823955536,1579.73193359375,0.6967086791992188,0.04542722553014755,4.449016341823153e-05
1.0,10000.0,100.0,59,2.0,0.24403412640094757,0.5063005685806274,0.20189648866653442,maclaurin,srht,0.0,"[2, 3, 4, 8, 15, 26, 41]",0.47438231110572815,1273.22509765625,0.6750093698501587,0.036381617188453674,1.6632542610750534e-05
1.0,10000.0,100.0,59,2.0,0.24403412640094757,0.5063005685806274,0.20189648866653442,maclaurin,srht,1.0,"[2, 2, 3, 5, 8, 12, 17]",0.4774060547351837,1303.48291015625,0.6810075640678406,0.03752807900309563,1.5222061847453006e-05
2.0,10000.0,100.0,,0.1,0.24403412640094757,0.5063005685806274,0.20189648866653442,rff,gaussian,0.0,None,0.4914324879646301,1846.29736328125,0.7161019444465637,0.0527801550924778,0.00016137512284331024
2.0,10000.0,100.0,2366,0.1,0.24403412640094757,0.5063005685806274,0.20189648866653442,maclaurin,rademacher,0.0,"[2, 3, 5, 9, 15, 25, 40]",0.48974016308784485,1610.160888671875,0.7113354206085205,0.04576610028743744,6.106060936872382e-06
2.0,10000.0,100.0,2355,0.1,0.24403412640094757,0.5063005685806274,0.20189648866653442,maclaurin,rademacher,1.0,"[2, 2, 3, 5, 8, 12, 17]",0.5067910552024841,2582.646240234375,0.7529768943786621,0.07364670932292938,3.7053305277368054e-05
2.0,10000.0,100.0,2368,0.1,0.24403412640094757,0.5063005685806274,0.20189648866653442,maclaurin,srht,0.0,"[2, 3, 4, 8, 15, 26, 41]",0.47606778144836426,1473.08837890625,0.6796863079071045,0.04168431833386421,3.07648406305816e-05
2.0,10000.0,100.0,2358,0.1,0.24403412640094757,0.5063005685806274,0.20189648866653442,maclaurin,srht,1.0,"[2, 2, 3, 5, 8, 12, 17]",0.48565033078193665,1798.846435546875,0.7012234330177307,0.05164164677262306,3.699076478369534e-05
2.0,10000.0,100.0,,0.2,0.24403412640094757,0.5063005685806274,0.20189648866653442,rff,gaussian,0.0,None,0.5167285203933716,2498.713623046875,0.7764279246330261,0.07543836534023285,0.00016056798631325364
2.0,10000.0,100.0,1263,0.2,0.24403412640094757,0.5063005685806274,0.20189648866653442,maclaurin,rademacher,0.0,"[2, 3, 5, 9, 15, 25, 40]",0.48045042157173157,1405.041259765625,0.690132737159729,0.03986869007349014,2.2673602870781906e-05
2.0,10000.0,100.0,1270,0.2,0.24403412640094757,0.5063005685806274,0.20189648866653442,maclaurin,rademacher,1.0,"[2, 2, 3, 5, 8, 12, 17]",0.4828282296657562,1624.344970703125,0.6932515501976013,0.04740488529205322,1.2088307812518906e-05
2.0,10000.0,100.0,1266,0.2,0.24403412640094757,0.5063005685806274,0.20189648866653442,maclaurin,srht,0.0,"[2, 3, 4, 8, 15, 26, 41]",0.47187381982803345,1155.0543212890625,0.6701763272285461,0.03263891488313675,1.0809058039740194e-05
2.0,10000.0,100.0,1264,0.2,0.24403412640094757,0.5063005685806274,0.20189648866653442,maclaurin,srht,1.0,"[2, 2, 3, 5, 8, 12, 17]",0.4825900197029114,1607.9935302734375,0.6943658590316772,0.04601674899458885,3.627498517744243e-05
2.0,10000.0,100.0,,0.3,0.24403412640094757,0.5063005685806274,0.20189648866653442,rff,gaussian,0.0,None,0.4920566976070404,1807.099365234375,0.7170539498329163,0.052328672260046005,0.000162942087627016
2.0,10000.0,100.0,888,0.3,0.24403412640094757,0.5063005685806274,0.20189648866653442,maclaurin,rademacher,0.0,"[2, 3, 5, 9, 15, 25, 40]",0.47271639108657837,1231.3814697265625,0.6713681221008301,0.03508422523736954,2.1707610358134843e-06
2.0,10000.0,100.0,886,0.3,0.24403412640094757,0.5063005685806274,0.20189648866653442,maclaurin,rademacher,1.0,"[2, 2, 3, 5, 8, 12, 17]",0.49580755829811096,1988.2449951171875,0.7261976003646851,0.05664275959134102,4.905136302113533e-05
2.0,10000.0,100.0,885,0.3,0.24403412640094757,0.5063005685806274,0.20189648866653442,maclaurin,srht,0.0,"[2, 3, 4, 8, 15, 26, 41]",0.4689267575740814,1182.849365234375,0.663316547870636,0.03345797210931778,9.350491382065229e-06
2.0,10000.0,100.0,888,0.3,0.24403412640094757,0.5063005685806274,0.20189648866653442,maclaurin,srht,1.0,"[2, 2, 3, 5, 8, 12, 17]",0.48932120203971863,1713.7598876953125,0.7086358666419983,0.0492953360080719,3.3572653137525776e-06
2.0,10000.0,100.0,,0.4,0.24403412640094757,0.5063005685806274,0.20189648866653442,rff,gaussian,0.0,None,0.4849732518196106,1656.2889404296875,0.700282096862793,0.04805881157517433,0.00016241736011579633
2.0,10000.0,100.0,645,0.4,0.24403412640094757,0.5063005685806274,0.20189648866653442,maclaurin,rademacher,0.0,"[2, 3, 5, 9, 15, 25, 40]",0.4853099584579468,1582.4378662109375,0.701271116733551,0.04485568404197693,2.8943459255970083e-05
2.0,10000.0,100.0,643,0.4,0.24403412640094757,0.5063005685806274,0.20189648866653442,maclaurin,rademacher,1.0,"[2, 2, 3, 5, 8, 12, 17]",0.47898149490356445,1465.12109375,0.6861119866371155,0.04157884791493416,2.1334473785827868e-05
2.0,10000.0,100.0,645,0.4,0.24403412640094757,0.5063005685806274,0.20189648866653442,maclaurin,srht,0.0,"[2, 3, 4, 8, 15, 26, 41]",0.47827252745628357,1346.673095703125,0.6842625141143799,0.0384037159383297,2.8246183774172096e-06
2.0,10000.0,100.0,644,0.4,0.24403412640094757,0.5063005685806274,0.20189648866653442,maclaurin,srht,1.0,"[2, 2, 3, 5, 8, 12, 17]",0.471466988325119,1163.411376953125,0.6690423488616943,0.0329710878431797,1.7781114820536459e-06
2.0,10000.0,100.0,,0.5,0.24403412640094757,0.5063005685806274,0.20189648866653442,rff,gaussian,0.0,None,0.4856806993484497,1624.26171875,0.7024373412132263,0.04617840051651001,0.0001584312121849507
2.0,10000.0,100.0,509,0.5,0.24403412640094757,0.5063005685806274,0.20189648866653442,maclaurin,rademacher,0.0,"[2, 3, 5, 9, 15, 25, 40]",0.49466672539711,1892.07421875,0.7235444188117981,0.053660228848457336,4.512176747084595e-05
2.0,10000.0,100.0,510,0.5,0.24403412640094757,0.5063005685806274,0.20189648866653442,maclaurin,rademacher,1.0,"[2, 2, 3, 5, 8, 12, 17]",0.48441410064697266,1677.7764892578125,0.6965823769569397,0.04895675554871559,1.1493121746752877e-05
2.0,10000.0,100.0,510,0.5,0.24403412640094757,0.5063005685806274,0.20189648866653442,maclaurin,srht,0.0,"[2, 3, 4, 8, 15, 26, 41]",0.4688141644001007,1116.208984375,0.6631713509559631,0.03154880180954933,8.204681307688588e-07
2.0,10000.0,100.0,509,0.5,0.24403412640094757,0.5063005685806274,0.20189648866653442,maclaurin,srht,1.0,"[2, 2, 3, 5, 8, 12, 17]",0.47319623827934265,1265.5091552734375,0.6730045080184937,0.03581917658448219,1.8698226995184086e-05
2.0,10000.0,100.0,,1.0,0.24403412640094757,0.5063005685806274,0.20189648866653442,rff,gaussian,0.0,None,0.4867998957633972,1724.4251708984375,0.705199658870697,0.04916456714272499,0.00016368061187677085
2.0,10000.0,100.0,183,1.0,0.24403412640094757,0.5063005685806274,0.20189648866653442,maclaurin,rademacher,0.0,"[2, 3, 5, 9, 15, 25, 40]",0.480077862739563,1494.00830078125,0.688635528087616,0.04261371120810509,3.3714801247697324e-05
2.0,10000.0,100.0,183,1.0,0.24403412640094757,0.5063005685806274,0.20189648866653442,maclaurin,rademacher,1.0,"[2, 2, 3, 5, 8, 12, 17]",0.4869561791419983,1709.2550048828125,0.7036003470420837,0.04931013286113739,3.0338489523273893e-05
2.0,10000.0,100.0,183,1.0,0.24403412640094757,0.5063005685806274,0.20189648866653442,maclaurin,srht,0.0,"[2, 3, 4, 8, 15, 26, 41]",0.46860647201538086,1093.8697509765625,0.6624553203582764,0.031051065772771835,7.238948001031531e-07
2.0,10000.0,100.0,183,1.0,0.24403412640094757,0.5063005685806274,0.20189648866653442,maclaurin,srht,1.0,"[2, 2, 3, 5, 8, 12, 17]",0.4790628254413605,1385.888671875,0.6858505606651306,0.03945742920041084,2.3323125788010657e-05
2.0,10000.0,100.0,,1.5,0.24403412640094757,0.5063005685806274,0.20189648866653442,rff,gaussian,0.0,None,0.5107932090759277,2305.921142578125,0.7619922161102295,0.06909738481044769,0.0001633826905163005
2.0,10000.0,100.0,94,1.5,0.24403412640094757,0.5063005685806274,0.20189648866653442,maclaurin,rademacher,0.0,"[2, 3, 5, 9, 15, 25, 40]",0.4743547737598419,1171.4111328125,0.6752976179122925,0.033220093697309494,4.473082299227826e-06
2.0,10000.0,100.0,94,1.5,0.24403412640094757,0.5063005685806274,0.20189648866653442,maclaurin,rademacher,1.0,"[2, 2, 3, 5, 8, 12, 17]",0.4846830666065216,1639.6280517578125,0.6989430785179138,0.04707324132323265,4.34353351010941e-05
2.0,10000.0,100.0,94,1.5,0.24403412640094757,0.5063005685806274,0.20189648866653442,maclaurin,srht,0.0,"[2, 3, 4, 8, 15, 26, 41]",0.4746287763118744,1253.314208984375,0.6751284599304199,0.035941146314144135,7.655812623852398e-06
2.0,10000.0,100.0,94,1.5,0.24403412640094757,0.5063005685806274,0.20189648866653442,maclaurin,srht,1.0,"[2, 2, 3, 5, 8, 12, 17]",0.47381576895713806,1204.63232421875,0.6732231378555298,0.03455637767910957,7.4578169915184844e-06
2.0,10000.0,100.0,,2.0,0.24403412640094757,0.5063005685806274,0.20189648866653442,rff,gaussian,0.0,None,0.4916059076786041,1925.7061767578125,0.7166268229484558,0.05471296235918999,0.00015890452777966857
2.0,10000.0,100.0,59,2.0,0.24403412640094757,0.5063005685806274,0.20189648866653442,maclaurin,rademacher,0.0,"[2, 3, 5, 9, 15, 25, 40]",0.47862890362739563,1463.1339111328125,0.6837245225906372,0.04265211895108223,2.314341691089794e-05
2.0,10000.0,100.0,59,2.0,0.24403412640094757,0.5063005685806274,0.20189648866653442,maclaurin,rademacher,1.0,"[2, 2, 3, 5, 8, 12, 17]",0.48614344000816345,1696.0404052734375,0.7030671834945679,0.0483672209084034,4.822819755645469e-05
2.0,10000.0,100.0,59,2.0,0.24403412640094757,0.5063005685806274,0.20189648866653442,maclaurin,srht,0.0,"[2, 3, 4, 8, 15, 26, 41]",0.4769633114337921,1337.7550048828125,0.6808996200561523,0.03832501918077469,1.7497979570180178e-05
2.0,10000.0,100.0,59,2.0,0.24403412640094757,0.5063005685806274,0.20189648866653442,maclaurin,srht,1.0,"[2, 2, 3, 5, 8, 12, 17]",0.47429701685905457,1279.694580078125,0.6744670867919922,0.03686881065368652,1.0069675226986874e-05
3.0,10000.0,100.0,,0.1,0.24403412640094757,0.5063005685806274,0.20189648866653442,rff,gaussian,0.0,None,0.48702681064605713,1690.5450439453125,0.7056328058242798,0.048013824969530106,0.00016288399638142437
3.0,10000.0,100.0,2361,0.1,0.24403412640094757,0.5063005685806274,0.20189648866653442,maclaurin,rademacher,0.0,"[2, 3, 5, 9, 15, 25, 40]",0.4801425337791443,1547.652587890625,0.6886866092681885,0.04412216320633888,3.481813837424852e-05
3.0,10000.0,100.0,2360,0.1,0.24403412640094757,0.5063005685806274,0.20189648866653442,maclaurin,rademacher,1.0,"[2, 2, 3, 5, 8, 12, 17]",0.47941696643829346,1441.1973876953125,0.686862051486969,0.040998201817274094,1.9649294245027704e-06
3.0,10000.0,100.0,2353,0.1,0.24403412640094757,0.5063005685806274,0.20189648866653442,maclaurin,srht,0.0,"[2, 3, 4, 8, 15, 26, 41]",0.4739186465740204,1258.30615234375,0.6743528842926025,0.03576500713825226,8.827424608170986e-06
3.0,10000.0,100.0,2363,0.1,0.24403412640094757,0.5063005685806274,0.20189648866653442,maclaurin,srht,1.0,"[2, 2, 3, 5, 8, 12, 17]",0.483757883310318,1662.882568359375,0.696842610836029,0.04770246148109436,3.5372544516576454e-05
3.0,10000.0,100.0,,0.2,0.24403412640094757,0.5063005685806274,0.20189648866653442,rff,gaussian,0.0,None,0.4903326630592346,1763.5714111328125,0.7130056619644165,0.05090994015336037,0.00016085754032246768
3.0,10000.0,100.0,1266,0.2,0.24403412640094757,0.5063005685806274,0.20189648866653442,maclaurin,rademacher,0.0,"[2, 3, 5, 9, 15, 25, 40]",0.4818275570869446,1554.994873046875,0.6934295296669006,0.04397003725171089,4.1992654587375e-05
3.0,10000.0,100.0,1268,0.2,0.24403412640094757,0.5063005685806274,0.20189648866653442,maclaurin,rademacher,1.0,"[2, 2, 3, 5, 8, 12, 17]",0.47661370038986206,1344.322265625,0.680385947227478,0.038316722959280014,1.5742023606435396e-05
3.0,10000.0,100.0,1264,0.2,0.24403412640094757,0.5063005685806274,0.20189648866653442,maclaurin,srht,0.0,"[2, 3, 4, 8, 15, 26, 41]",0.48185616731643677,1619.4091796875,0.6930376887321472,0.04612044245004654,3.2094994821818545e-05
3.0,10000.0,100.0,1268,0.2,0.24403412640094757,0.5063005685806274,0.20189648866653442,maclaurin,srht,1.0,"[2, 2, 3, 5, 8, 12, 17]",0.4779418706893921,1502.613037109375,0.6834340691566467,0.042840417474508286,2.6142262868233956e-05
3.0,10000.0,100.0,,0.3,0.24403412640094757,0.5063005685806274,0.20189648866653442,rff,gaussian,0.0,None,0.493130087852478,1827.9345703125,0.7194620370864868,0.05300300195813179,0.00015821127453818917
3.0,10000.0,100.0,888,0.3,0.24403412640094757,0.5063005685806274,0.20189648866653442,maclaurin,rademacher,0.0,"[2, 3, 5, 9, 15, 25, 40]",0.47903069853782654,1484.296630859375,0.6848717927932739,0.043241921812295914,1.1667333637888078e-05
3.0,10000.0,100.0,887,0.3,0.24403412640094757,0.5063005685806274,0.20189648866653442,maclaurin,rademacher,1.0,"[2, 2, 3, 5, 8, 12, 17]",0.48289379477500916,1518.6251220703125,0.6928596496582031,0.044759612530469894,1.4754019503016025e-05
3.0,10000.0,100.0,889,0.3,0.24403412640094757,0.5063005685806274,0.20189648866653442,maclaurin,srht,0.0,"[2, 3, 4, 8, 15, 26, 41]",0.47474542260169983,1294.8853759765625,0.6762472987174988,0.03681047633290291,2.1589254174614325e-05
3.0,10000.0,100.0,884,0.3,0.24403412640094757,0.5063005685806274,0.20189648866653442,maclaurin,srht,1.0,"[2, 2, 3, 5, 8, 12, 17]",0.47351527214050293,1239.16064453125,0.6733561158180237,0.035505980253219604,1.6045744359871605e-06
3.0,10000.0,100.0,,0.4,0.24403412640094757,0.5063005685806274,0.20189648866653442,rff,gaussian,0.0,None,0.4912913739681244,1839.9453125,0.7155559062957764,0.05276826396584511,0.00016043767391238362
3.0,10000.0,100.0,643,0.4,0.24403412640094757,0.5063005685806274,0.20189648866653442,maclaurin,rademacher,0.0,"[2, 3, 5, 9, 15, 25, 40]",0.47296881675720215,1272.7332763671875,0.672174870967865,0.036236610263586044,1.5911880836938508e-05
3.0,10000.0,100.0,645,0.4,0.24403412640094757,0.5063005685806274,0.20189648866653442,maclaurin,rademacher,1.0,"[2, 2, 3, 5, 8, 12, 17]",0.48973745107650757,1821.54296875,0.710726261138916,0.052520256489515305,2.2097925466368906e-05
3.0,10000.0,100.0,642,0.4,0.24403412640094757,0.5063005685806274,0.20189648866653442,maclaurin,srht,0.0,"[2, 3, 4, 8, 15, 26, 41]",0.4654700458049774,1024.306396484375,0.6556167602539062,0.02901625446975231,7.286420213858946e-07
3.0,10000.0,100.0,645,0.4,0.24403412640094757,0.5063005685806274,0.20189648866653442,maclaurin,srht,1.0,"[2, 2, 3, 5, 8, 12, 17]",0.47037094831466675,1130.6885986328125,0.6665657162666321,0.03199898451566696,1.5123927141758031e-06
3.0,10000.0,100.0,,0.5,0.24403412640094757,0.5063005685806274,0.20189648866653442,rff,gaussian,0.0,None,0.5065750479698181,2324.298583984375,0.7517549991607666,0.06871851533651352,0.0001575975475134328
3.0,10000.0,100.0,510,0.5,0.24403412640094757,0.5063005685806274,0.20189648866653442,maclaurin,rademacher,0.0,"[2, 3, 5, 9, 15, 25, 40]",0.48108556866645813,1405.4803466796875,0.6916558742523193,0.03962722793221474,1.8500915757613257e-05
3.0,10000.0,100.0,509,0.5,0.24403412640094757,0.5063005685806274,0.20189648866653442,maclaurin,rademacher,1.0,"[2, 2, 3, 5, 8, 12, 17]",0.49558284878730774,1937.9527587890625,0.7264195084571838,0.05461452156305313,4.9460337322670966e-05
3.0,10000.0,100.0,509,0.5,0.24403412640094757,0.5063005685806274,0.20189648866653442,maclaurin,srht,0.0,"[2, 3, 4, 8, 15, 26, 41]",0.4807661771774292,1388.3900146484375,0.6903753876686096,0.03934041038155556,2.790294956867001e-06
3.0,10000.0,100.0,510,0.5,0.24403412640094757,0.5063005685806274,0.20189648866653442,maclaurin,srht,1.0,"[2, 2, 3, 5, 8, 12, 17]",0.47995826601982117,1426.5120849609375,0.6872854232788086,0.040917616337537766,2.059207645288552e-06
3.0,10000.0,100.0,,1.0,0.24403412640094757,0.5063005685806274,0.20189648866653442,rff,gaussian,0.0,None,0.48958027362823486,1840.1199951171875,0.7117346525192261,0.052405886352062225,0.0001630449842195958
3.0,10000.0,100.0,183,1.0,0.24403412640094757,0.5063005685806274,0.20189648866653442,maclaurin,rademacher,0.0,"[2, 3, 5, 9, 15, 25, 40]",0.47702381014823914,1358.888671875,0.6818928122520447,0.03854404762387276,1.7676253264653496e-05
3.0,10000.0,100.0,183,1.0,0.24403412640094757,0.5063005685806274,0.20189648866653442,maclaurin,rademacher,1.0,"[2, 2, 3, 5, 8, 12, 17]",0.4726925790309906,1227.02197265625,0.6709108352661133,0.03513212129473686,5.008679636375746e-06
3.0,10000.0,100.0,183,1.0,0.24403412640094757,0.5063005685806274,0.20189648866653442,maclaurin,srht,0.0,"[2, 3, 4, 8, 15, 26, 41]",0.47375810146331787,1254.53125,0.6737973690032959,0.03575558960437775,3.7366492051660316e-06
3.0,10000.0,100.0,183,1.0,0.24403412640094757,0.5063005685806274,0.20189648866653442,maclaurin,srht,1.0,"[2, 2, 3, 5, 8, 12, 17]",0.47713497281074524,1324.871337890625,0.6811783909797668,0.03789100423455238,6.376885721692815e-06
3.0,10000.0,100.0,,1.5,0.24403412640094757,0.5063005685806274,0.20189648866653442,rff,gaussian,0.0,None,0.48974210023880005,1846.52099609375,0.7121894359588623,0.052471041679382324,0.00016219141252804548
3.0,10000.0,100.0,94,1.5,0.24403412640094757,0.5063005685806274,0.20189648866653442,maclaurin,rademacher,0.0,"[2, 3, 5, 9, 15, 25, 40]",0.47034043073654175,1138.3994140625,0.6658050417900085,0.03254380077123642,1.213745417771861e-05
3.0,10000.0,100.0,94,1.5,0.24403412640094757,0.5063005685806274,0.20189648866653442,maclaurin,rademacher,1.0,"[2, 2, 3, 5, 8, 12, 17]",0.489949107170105,1839.452880859375,0.7121220231056213,0.05218931660056114,4.293513484299183e-05
3.0,10000.0,100.0,94,1.5,0.24403412640094757,0.5063005685806274,0.20189648866653442,maclaurin,srht,0.0,"[2, 3, 4, 8, 15, 26, 41]",0.46978646516799927,1147.9013671875,0.6642459630966187,0.032981280237436295,1.1997600267932285e-05
3.0,10000.0,100.0,94,1.5,0.24403412640094757,0.5063005685806274,0.20189648866653442,maclaurin,srht,1.0,"[2, 2, 3, 5, 8, 12, 17]",0.48197293281555176,1494.328857421875,0.6917129158973694,0.04329139366745949,2.1898886188864708e-05
3.0,10000.0,100.0,,2.0,0.24403412640094757,0.5063005685806274,0.20189648866653442,rff,gaussian,0.0,None,0.4874823987483978,1795.1488037109375,0.7068259119987488,0.051070187240839005,0.00015881069703027606
3.0,10000.0,100.0,59,2.0,0.24403412640094757,0.5063005685806274,0.20189648866653442,maclaurin,rademacher,0.0,"[2, 3, 5, 9, 15, 25, 40]",0.4760279953479767,1405.302490234375,0.679065465927124,0.04013421759009361,3.1623720133211464e-05
3.0,10000.0,100.0,59,2.0,0.24403412640094757,0.5063005685806274,0.20189648866653442,maclaurin,rademacher,1.0,"[2, 2, 3, 5, 8, 12, 17]",0.4829518795013428,1524.0950927734375,0.6939113140106201,0.04425374045968056,2.599516483314801e-05
3.0,10000.0,100.0,59,2.0,0.24403412640094757,0.5063005685806274,0.20189648866653442,maclaurin,srht,0.0,"[2, 3, 4, 8, 15, 26, 41]",0.47343680262565613,1191.770263671875,0.6718204021453857,0.03424694761633873,9.489383046457078e-06
3.0,10000.0,100.0,59,2.0,0.24403412640094757,0.5063005685806274,0.20189648866653442,maclaurin,srht,1.0,"[2, 2, 3, 5, 8, 12, 17]",0.4773923456668854,1333.31396484375,0.6812583804130554,0.038342732936143875,1.6045076336013153e-05
4.0,10000.0,100.0,,0.1,0.24403412640094757,0.5063005685806274,0.20189648866653442,rff,gaussian,0.0,None,0.4878597557544708,1701.7269287109375,0.7076830863952637,0.04858066141605377,0.00016559755022171885
4.0,10000.0,100.0,2351,0.1,0.24403412640094757,0.5063005685806274,0.20189648866653442,maclaurin,rademacher,0.0,"[2, 3, 5, 9, 15, 25, 40]",0.47397640347480774,1330.5289306640625,0.674394965171814,0.03774293139576912,2.53803409577813e-05
4.0,10000.0,100.0,2355,0.1,0.24403412640094757,0.5063005685806274,0.20189648866653442,maclaurin,rademacher,1.0,"[2, 2, 3, 5, 8, 12, 17]",0.4995723366737366,2079.60107421875,0.7336258292198181,0.06031816452741623,3.2427684345748276e-05
4.0,10000.0,100.0,2358,0.1,0.24403412640094757,0.5063005685806274,0.20189648866653442,maclaurin,srht,0.0,"[2, 3, 4, 8, 15, 26, 41]",0.4789643883705139,1407.267578125,0.6858912110328674,0.04001409932971001,2.736630995059386e-05
4.0,10000.0,100.0,2350,0.1,0.24403412640094757,0.5063005685806274,0.20189648866653442,maclaurin,srht,1.0,"[2, 2, 3, 5, 8, 12, 17]",0.4825805723667145,1527.08203125,0.6936304569244385,0.043859440833330154,1.3646586012328044e-06
4.0,10000.0,100.0,,0.2,0.24403412640094757,0.5063005685806274,0.20189648866653442,rff,gaussian,0.0,None,0.48873603343963623,1813.8251953125,0.709831953048706,0.05152800679206848,0.00015971354150678962
4.0,10000.0,100.0,1265,0.2,0.24403412640094757,0.5063005685806274,0.20189648866653442,maclaurin,rademacher,0.0,"[2, 3, 5, 9, 15, 25, 40]",0.4753820598125458,1215.732177734375,0.6775696873664856,0.0344570092856884,1.027621328830719e-05
4.0,10000.0,100.0,1265,0.2,0.24403412640094757,0.5063005685806274,0.20189648866653442,maclaurin,rademacher,1.0,"[2, 2, 3, 5, 8, 12, 17]",0.4875403940677643,1620.787353515625,0.7056310176849365,0.04654278978705406,2.398142169113271e-05
4.0,10000.0,100.0,1266,0.2,0.24403412640094757,0.5063005685806274,0.20189648866653442,maclaurin,srht,0.0,"[2, 3, 4, 8, 15, 26, 41]",0.477387934923172,1453.6507568359375,0.682486891746521,0.04124843329191208,3.207384725101292e-05
4.0,10000.0,100.0,1268,0.2,0.24403412640094757,0.5063005685806274,0.20189648866653442,maclaurin,srht,1.0,"[2, 2, 3, 5, 8, 12, 17]",0.46619781851768494,1052.146484375,0.6571203470230103,0.02966032549738884,1.5618846873621806e-06
4.0,10000.0,100.0,,0.3,0.24403412640094757,0.5063005685806274,0.20189648866653442,rff,gaussian,0.0,None,0.4880642592906952,1732.3447265625,0.7077447772026062,0.04968760162591934,0.00016397818399127573
4.0,10000.0,100.0,886,0.3,0.24403412640094757,0.5063005685806274,0.20189648866653442,maclaurin,rademacher,0.0,"[2, 3, 5, 9, 15, 25, 40]",0.4956989288330078,2019.6873779296875,0.726266086101532,0.05764966458082199,2.613694050523918e-05
4.0,10000.0,100.0,886,0.3,0.24403412640094757,0.5063005685806274,0.20189648866653442,maclaurin,rademacher,1.0,"[2, 2, 3, 5, 8, 12, 17]",0.4687269926071167,1105.32177734375,0.6630823612213135,0.03125033900141716,1.9066287677560467e-06
4.0,10000.0,100.0,886,0.3,0.24403412640094757,0.5063005685806274,0.20189648866653442,maclaurin,srht,0.0,"[2, 3, 4, 8, 15, 26, 41]",0.4698385000228882,1200.470703125,0.6654548645019531,0.033973176032304764,9.31476188270608e-06
4.0,10000.0,100.0,887,0.3,0.24403412640094757,0.5063005685806274,0.20189648866653442,maclaurin,srht,1.0,"[2, 2, 3, 5, 8, 12, 17]",0.4851534366607666,1725.8646240234375,0.7001160383224487,0.04951919615268707,3.512055263854563e-05
4.0,10000.0,100.0,,0.4,0.24403412640094757,0.5063005685806274,0.20189648866653442,rff,gaussian,0.0,None,0.4890257716178894,1729.424072265625,0.7102699279785156,0.04936831817030907,0.00016079754277598113
4.0,10000.0,100.0,646,0.4,0.24403412640094757,0.5063005685806274,0.20189648866653442,maclaurin,rademacher,0.0,"[2, 3, 5, 9, 15, 25, 40]",0.47627580165863037,1375.3558349609375,0.678568959236145,0.04003385081887245,1.696671824902296e-05
4.0,10000.0,100.0,641,0.4,0.24403412640094757,0.5063005685806274,0.20189648866653442,maclaurin,rademacher,1.0,"[2, 2, 3, 5, 8, 12, 17]",0.4766699969768524,1361.0205078125,0.6802499890327454,0.03905646875500679,1.6602519963271334e-06
4.0,10000.0,100.0,639,0.4,0.24403412640094757,0.5063005685806274,0.20189648866653442,maclaurin,srht,0.0,"[2, 3, 4, 8, 15, 26, 41]",0.47260817885398865,1259.4373779296875,0.671653151512146,0.035698797553777695,1.7053473129635677e-05
4.0,10000.0,100.0,646,0.4,0.24403412640094757,0.5063005685806274,0.20189648866653442,maclaurin,srht,1.0,"[2, 2, 3, 5, 8, 12, 17]",0.47607892751693726,1299.9744873046875,0.6789646744728088,0.037100594490766525,2.4812259198370157e-06
4.0,10000.0,100.0,,0.5,0.24403412640094757,0.5063005685806274,0.20189648866653442,rff,gaussian,0.0,None,0.48909395933151245,1810.465087890625,0.7105560898780823,0.051588546484708786,0.0001616215449757874
4.0,10000.0,100.0,509,0.5,0.24403412640094757,0.5063005685806274,0.20189648866653442,maclaurin,rademacher,0.0,"[2, 3, 5, 9, 15, 25, 40]",0.4713906943798065,1219.560546875,0.6683002710342407,0.03503130003809929,1.0010175174102187e-05
4.0,10000.0,100.0,510,0.5,0.24403412640094757,0.5063005685806274,0.20189648866653442,maclaurin,rademacher,1.0,"[2, 2, 3, 5, 8, 12, 17]",0.479032963514328,1425.8525390625,0.6857628226280212,0.040635913610458374,2.1433088477351703e-05
4.0,10000.0,100.0,509,0.5,0.24403412640094757,0.5063005685806274,0.20189648866653442,maclaurin,srht,0.0,"[2, 3, 4, 8, 15, 26, 41]",0.47655367851257324,1422.5262451171875,0.6805675029754639,0.04040730372071266,3.1471958209294826e-05
4.0,10000.0,100.0,510,0.5,0.24403412640094757,0.5063005685806274,0.20189648866653442,maclaurin,srht,1.0,"[2, 2, 3, 5, 8, 12, 17]",0.48234567046165466,1647.00244140625,0.6937481760978699,0.047199051827192307,3.444486719672568e-05
4.0,10000.0,100.0,,1.0,0.24403412640094757,0.5063005685806274,0.20189648866653442,rff,gaussian,0.0,None,0.4823695719242096,1573.527099609375,0.6946331262588501,0.0448620580136776,0.00016126407717820257
4.0,10000.0,100.0,183,1.0,0.24403412640094757,0.5063005685806274,0.20189648866653442,maclaurin,rademacher,0.0,"[2, 3, 5, 9, 15, 25, 40]",0.47717392444610596,1370.3837890625,0.6815046668052673,0.03911329060792923,1.7765400116331875e-05
4.0,10000.0,100.0,183,1.0,0.24403412640094757,0.5063005685806274,0.20189648866653442,maclaurin,rademacher,1.0,"[2, 2, 3, 5, 8, 12, 17]",0.48572927713394165,1677.79443359375,0.7008109092712402,0.048411302268505096,3.023820863745641e-05
4.0,10000.0,100.0,183,1.0,0.24403412640094757,0.5063005685806274,0.20189648866653442,maclaurin,srht,0.0,"[2, 3, 4, 8, 15, 26, 41]",0.46978241205215454,1211.065185546875,0.6652017831802368,0.03427913412451744,2.0887888240395114e-05
4.0,10000.0,100.0,183,1.0,0.24403412640094757,0.5063005685806274,0.20189648866653442,maclaurin,srht,1.0,"[2, 2, 3, 5, 8, 12, 17]",0.48370733857154846,1510.154541015625,0.6947914958000183,0.043737441301345825,9.313765986007638e-06
4.0,10000.0,100.0,,1.5,0.24403412640094757,0.5063005685806274,0.20189648866653442,rff,gaussian,0.0,None,0.4858585000038147,1696.930419921875,0.7028948068618774,0.04848348721861839,0.0001654435327509418
4.0,10000.0,100.0,94,1.5,0.24403412640094757,0.5063005685806274,0.20189648866653442,maclaurin,rademacher,0.0,"[2, 3, 5, 9, 15, 25, 40]",0.4791678488254547,1432.2852783203125,0.6864600777626038,0.04068421572446823,1.4276086403697263e-05
4.0,10000.0,100.0,94,1.5,0.24403412640094757,0.5063005685806274,0.20189648866653442,maclaurin,rademacher,1.0,"[2, 2, 3, 5, 8, 12, 17]",0.49060070514678955,1884.6669921875,0.7139012217521667,0.05350017547607422,4.586662907968275e-05
4.0,10000.0,100.0,94,1.5,0.24403412640094757,0.5063005685806274,0.20189648866653442,maclaurin,srht,0.0,"[2, 3, 4, 8, 15, 26, 41]",0.4779963493347168,1379.0670166015625,0.6830620169639587,0.03976589813828468,1.5216627616609912e-05
4.0,10000.0,100.0,94,1.5,0.24403412640094757,0.5063005685806274,0.20189648866653442,maclaurin,srht,1.0,"[2, 2, 3, 5, 8, 12, 17]",0.46959957480430603,1132.29443359375,0.6646590828895569,0.03212166577577591,6.118619239714462e-06
4.0,10000.0,100.0,,2.0,0.24403412640094757,0.5063005685806274,0.20189648866653442,rff,gaussian,0.0,None,0.4893430769443512,1792.259033203125,0.7105655670166016,0.052265528589487076,0.00016020721523091197
4.0,10000.0,100.0,59,2.0,0.24403412640094757,0.5063005685806274,0.20189648866653442,maclaurin,rademacher,0.0,"[2, 3, 5, 9, 15, 25, 40]",0.472613126039505,1242.916259765625,0.6711357235908508,0.035346440970897675,9.501502063358203e-06
4.0,10000.0,100.0,59,2.0,0.24403412640094757,0.5063005685806274,0.20189648866653442,maclaurin,rademacher,1.0,"[2, 2, 3, 5, 8, 12, 17]",0.4750387668609619,1459.698486328125,0.6772807836532593,0.04155448451638222,4.015790909761563e-05
4.0,10000.0,100.0,59,2.0,0.24403412640094757,0.5063005685806274,0.20189648866653442,maclaurin,srht,0.0,"[2, 3, 4, 8, 15, 26, 41]",0.47641411423683167,1324.27978515625,0.6792737245559692,0.0380542129278183,1.2362139386823401e-05
4.0,10000.0,100.0,59,2.0,0.24403412640094757,0.5063005685806274,0.20189648866653442,maclaurin,srht,1.0,"[2, 2, 3, 5, 8, 12, 17]",0.48047539591789246,1537.04052734375,0.6889938712120056,0.044231753796339035,3.1576761102769524e-05
5.0,10000.0,100.0,,0.1,0.24403412640094757,0.5063005685806274,0.20189648866653442,rff,gaussian,0.0,None,0.48467060923576355,1701.17919921875,0.7001162767410278,0.04841180518269539,0.00016468889953102916
5.0,10000.0,100.0,2359,0.1,0.24403412640094757,0.5063005685806274,0.20189648866653442,maclaurin,rademacher,0.0,"[2, 3, 5, 9, 15, 25, 40]",0.47549962997436523,1291.736083984375,0.6777249574661255,0.037029463797807693,2.2141324734548107e-05
5.0,10000.0,100.0,2361,0.1,0.24403412640094757,0.5063005685806274,0.20189648866653442,maclaurin,rademacher,1.0,"[2, 2, 3, 5, 8, 12, 17]",0.48031118512153625,1500.2431640625,0.6892817616462708,0.04250972345471382,2.2541949874721467e-05
5.0,10000.0,100.0,2351,0.1,0.24403412640094757,0.5063005685806274,0.20189648866653442,maclaurin,srht,0.0,"[2, 3, 4, 8, 15, 26, 41]",0.4638272523880005,999.6307373046875,0.6519776582717896,0.028147216886281967,8.670470492688764e-07
