dataset,method,degree,bias,proj,comp,comp_real,craft,full_cov,hier,kernel_var,kernel_len,test_error,test_mnll,test_label_var,k_frob_error,k_rel_frob_error,k_spec_error,k_rel_spec_error,test_kl,test_mean_mse,test_var_mse,D,E,feature_dist,noise_var,feature_time,pred_time,seed
MNIST,srf,10.0,0.5,gaussian,0.0,0.0,0.0,0.0,0.0,9.027409553527832,1.4142135381698608,0.1030999943614006,0.33965104818344116,0.09000000357627869,2051.892578125,0.6431156992912292,789.044921875,0.34812819957733154,5914.4375,4.541144847869873,21.341096878051758,512.0,32768.0,None,0.001,0.014821290969848633,0.09740734100341797,0.0
MNIST,poly_sketch,10.0,0.5,gaussian,0.0,0.0,0.0,0.0,0.0,9.027409553527832,1.4142135381698608,0.3199999928474426,1.2192655801773071,0.09000000357627869,7030.333984375,2.203486919403076,5340.73388671875,2.3563425540924072,11074.2138671875,9.055933952331543,23.780481338500977,512.0,32768.0,None,0.001,0.11085653305053711,0.10068655014038086,0.0
MNIST,poly_sketch,10.0,0.5,gaussian,0.0,1.0,0.0,0.0,0.0,9.027409553527832,1.4142135381698608,0.19169999659061432,0.6618969440460205,0.09000000357627869,4930.38818359375,1.5453100204467773,2110.6015625,0.931201696395874,8422.7783203125,6.828649044036865,22.89662742614746,512.0,32768.0,None,0.001,0.20735573768615723,0.10017108917236328,0.0
MNIST,poly_sketch,10.0,0.5,rademacher,0.0,0.0,0.0,0.0,0.0,9.027409553527832,1.4142135381698608,0.23639999330043793,0.8433985114097595,0.09000000357627869,13294.263671875,4.166762828826904,9674.5205078125,4.268417835235596,9889.234375,8.34647274017334,23.034698486328125,512.0,32768.0,None,0.001,0.11138319969177246,0.09969544410705566,0.0
MNIST,poly_sketch,10.0,0.5,rademacher,0.0,1.0,0.0,0.0,0.0,9.027409553527832,1.4142135381698608,0.14559999108314514,0.4799947142601013,0.09000000357627869,5093.63671875,1.5964763164520264,2657.322998046875,1.17241632938385,7226.2939453125,5.760221004486084,22.030075073242188,512.0,32768.0,None,0.001,0.20711803436279297,0.10043621063232422,0.0
MNIST,poly_sketch,10.0,0.5,srht,0.0,0.0,0.0,1.0,0.0,9.027409553527832,1.4142135381698608,0.2369999885559082,0.8740524053573608,0.09000000357627869,6731.9375,2.109961748123169,4627.71875,2.0417587757110596,9730.283203125,8.138347625732422,22.9847412109375,512.0,32768.0,None,0.001,0.06533098220825195,0.09983611106872559,0.0
MNIST,poly_sketch,10.0,0.5,srht,0.0,1.0,0.0,1.0,0.0,9.027409553527832,1.4142135381698608,0.15060000121593475,0.5095291137695312,0.09000000357627869,10058.8583984375,3.1527040004730225,6349.6767578125,2.801490306854248,7343.60888671875,5.813007354736328,22.18910026550293,512.0,32768.0,None,0.001,0.166731595993042,0.10585451126098633,0.0
MNIST,poly_sketch,10.0,0.5,countsketch_scatter,0.0,0.0,0.0,0.0,0.0,9.027409553527832,1.4142135381698608,0.1582999974489212,0.5414193272590637,0.09000000357627869,6094.65771484375,1.9102219343185425,4432.53564453125,1.955643653869629,7520.62451171875,5.992560863494873,22.226869583129883,512.0,32768.0,None,0.001,0.07830023765563965,0.10146880149841309,0.0
MNIST,srf,10.0,0.5,gaussian,0.0,0.0,1.0,0.0,0.0,9.027409553527832,1.4142135381698608,0.09939999878406525,0.33286136388778687,0.09000000357627869,2025.511474609375,0.6348472237586975,693.5069580078125,0.30597665905952454,5982.27392578125,4.644409656524658,21.35500717163086,512.0,32768.0,None,0.001,0.7161908149719238,0.10005712509155273,0.0
MNIST,poly_sketch,10.0,0.5,srht,0.0,0.0,1.0,1.0,0.0,9.027409553527832,1.4142135381698608,0.10819999873638153,0.3563256859779358,0.09000000357627869,2531.615234375,0.7934731245040894,890.0695190429688,0.3927004635334015,6307.6181640625,5.102419853210449,21.333330154418945,512.0,32768.0,None,0.001,1.276395559310913,0.09827208518981934,0.0
MNIST,poly_sketch,10.0,0.5,srht,0.0,1.0,1.0,1.0,0.0,9.027409553527832,1.4142135381698608,0.10159999877214432,0.3327416777610779,0.09000000357627869,2122.656982421875,0.6652951240539551,544.08251953125,0.2400503009557724,5986.45703125,4.656265735626221,21.32699966430664,512.0,32768.0,None,0.001,1.3257675170898438,0.09817957878112793,0.0
MNIST,poly_sketch,10.0,0.5,countsketch_scatter,0.0,0.0,1.0,0.0,0.0,9.027409553527832,1.4142135381698608,0.10130000114440918,0.32889294624328613,0.09000000357627869,2250.729736328125,0.7054364085197449,682.2001342773438,0.3009880781173706,5993.15283203125,4.653947353363037,21.333833694458008,512.0,32768.0,None,0.001,2.4559638500213623,0.09889411926269531,0.0
MNIST,srf,10.0,0.5,gaussian,0.0,0.0,0.0,0.0,0.0,9.027409553527832,1.4142135381698608,0.06539999693632126,0.21074071526527405,0.09000000357627869,1500.0361328125,0.4701497554779053,686.4871215820312,0.3028795123100281,3610.854248046875,3.2598845958709717,16.616436004638672,1024.0,32768.0,None,0.001,0.02206277847290039,0.25237035751342773,0.0
MNIST,poly_sketch,10.0,0.5,gaussian,0.0,0.0,0.0,0.0,0.0,9.027409553527832,1.4142135381698608,0.2101999968290329,0.7478416562080383,0.09000000357627869,29266.091796875,9.17274284362793,28676.61328125,12.652179718017578,8648.9580078125,7.221632480621338,22.473634719848633,1024.0,32768.0,None,0.001,0.20253729820251465,0.2452843189239502,0.0
MNIST,poly_sketch,10.0,0.5,gaussian,0.0,1.0,0.0,0.0,0.0,9.027409553527832,1.4142135381698608,0.12280000001192093,0.4061102867126465,0.09000000357627869,4196.64794921875,1.315337061882019,2044.2552490234375,0.9019295573234558,6027.32177734375,4.82326602935791,20.818195343017578,1024.0,32768.0,None,0.001,0.391554594039917,0.2530093193054199,0.0
MNIST,poly_sketch,10.0,0.5,rademacher,0.0,0.0,0.0,0.0,0.0,9.027409553527832,1.4142135381698608,0.14999999105930328,0.519058883190155,0.09000000357627869,6075.0498046875,1.904076337814331,4888.53955078125,2.1568336486816406,7093.69140625,5.967663764953613,21.18715476989746,1024.0,32768.0,None,0.001,0.20261526107788086,0.24953150749206543,0.0
MNIST,poly_sketch,10.0,0.5,rademacher,0.0,1.0,0.0,0.0,0.0,9.027409553527832,1.4142135381698608,0.09619999676942825,0.3082255721092224,0.09000000357627869,6398.443359375,2.0054361820220947,4193.59716796875,1.8502235412597656,4926.10400390625,4.015247344970703,19.149866104125977,1024.0,32768.0,None,0.001,0.391690731048584,0.2498025894165039,0.0
MNIST,poly_sketch,10.0,0.5,srht,0.0,0.0,0.0,1.0,0.0,9.027409553527832,1.4142135381698608,0.14959999918937683,0.5256386399269104,0.09000000357627869,36030.65234375,11.292929649353027,35638.7421875,15.723885536193848,7153.36279296875,6.005982398986816,21.28369903564453,1024.0,32768.0,None,0.001,0.07803893089294434,0.2447190284729004,0.0
MNIST,poly_sketch,10.0,0.5,srht,0.0,1.0,0.0,1.0,0.0,9.027409553527832,1.4142135381698608,0.0949999988079071,0.32143378257751465,0.09000000357627869,3047.244384765625,0.955084502696991,1138.8154296875,0.5024476647377014,4977.25927734375,4.015441417694092,19.330507278442383,1024.0,32768.0,None,0.001,0.1900773048400879,0.25258612632751465,0.0
MNIST,poly_sketch,10.0,0.5,countsketch_scatter,0.0,0.0,0.0,0.0,0.0,9.027409553527832,1.4142135381698608,0.08949999511241913,0.2913624048233032,0.09000000357627869,3079.137939453125,0.965080738067627,1132.1624755859375,0.49951237440109253,5012.59716796875,3.9537148475646973,19.522314071655273,1024.0,32768.0,None,0.001,0.10990476608276367,0.24526691436767578,0.0
MNIST,srf,10.0,0.5,gaussian,0.0,0.0,1.0,0.0,0.0,9.027409553527832,1.4142135381698608,0.06839999556541443,0.21820077300071716,0.09000000357627869,1498.2110595703125,0.46957772970199585,682.6398315429688,0.3011820614337921,3646.469482421875,3.32374906539917,16.621252059936523,1024.0,32768.0,None,0.001,0.7211229801177979,0.24977350234985352,0.0
MNIST,poly_sketch,10.0,0.5,srht,0.0,0.0,1.0,1.0,0.0,9.027409553527832,1.4142135381698608,0.07429999858140945,0.24486610293388367,0.09000000357627869,3087.265380859375,0.9676280617713928,1925.653076171875,0.8496020436286926,3951.918701171875,3.4670183658599854,17.143308639526367,1024.0,32768.0,None,0.001,1.2844066619873047,0.24877333641052246,0.0
MNIST,poly_sketch,10.0,0.5,srht,0.0,1.0,1.0,1.0,0.0,9.027409553527832,1.4142135381698608,0.06189999729394913,0.2041487693786621,0.09000000357627869,1567.560546875,0.491313636302948,379.3402099609375,0.1673656702041626,3629.567138671875,3.150592088699341,16.752351760864258,1024.0,32768.0,None,0.001,1.331010341644287,0.24639630317687988,0.0
MNIST,poly_sketch,10.0,0.5,countsketch_scatter,0.0,0.0,1.0,0.0,0.0,9.027409553527832,1.4142135381698608,0.06759999692440033,0.22086738049983978,0.09000000357627869,1558.5804443359375,0.4884990453720093,408.87176513671875,0.18039505183696747,3657.880615234375,3.2013182640075684,16.780614852905273,1024.0,32768.0,None,0.001,2.459749221801758,0.2483673095703125,0.0
MNIST,srf,10.0,0.5,gaussian,0.0,0.0,0.0,0.0,0.0,9.027409553527832,1.4142135381698608,0.045499999076128006,0.1491825431585312,0.09000000357627869,1113.1224365234375,0.3488810956478119,571.8356323242188,0.25229504704475403,1824.075439453125,2.0067551136016846,9.821145057678223,2048.0,32768.0,None,0.001,0.03800535202026367,0.9653916358947754,0.0
MNIST,poly_sketch,10.0,0.5,gaussian,0.0,0.0,0.0,0.0,0.0,9.027409553527832,1.4142135381698608,0.14659999310970306,0.5086888670921326,0.09000000357627869,67631.7734375,21.19753074645996,60625.6953125,26.748178482055664,6848.67578125,5.8254923820495605,21.11225128173828,2048.0,32768.0,None,0.001,0.4011092185974121,0.956108570098877,0.0
MNIST,poly_sketch,10.0,0.5,gaussian,0.0,1.0,0.0,0.0,0.0,9.027409553527832,1.4142135381698608,0.07739999890327454,0.2529364824295044,0.09000000357627869,6433.2421875,2.016342878341675,5192.916015625,2.2911250591278076,4084.88525390625,3.411595582962036,17.59673500061035,2048.0,32768.0,None,0.001,0.7365787029266357,0.9648110866546631,0.0
MNIST,poly_sketch,10.0,0.5,rademacher,0.0,0.0,0.0,0.0,0.0,9.027409553527832,1.4142135381698608,0.09259999543428421,0.3213263154029846,0.09000000357627869,5915.7265625,1.854140281677246,4603.08935546875,2.0308923721313477,4789.9453125,4.106045722961426,18.038436889648438,2048.0,32768.0,None,0.001,0.4011516571044922,0.974311351776123,0.0
MNIST,poly_sketch,10.0,0.5,rademacher,0.0,1.0,0.0,0.0,0.0,9.027409553527832,1.4142135381698608,0.05909999832510948,0.18879835307598114,0.09000000357627869,2273.232177734375,0.7124892473220825,800.0984497070312,0.353005051612854,3091.771240234375,2.5811336040496826,15.169698715209961,2048.0,32768.0,None,0.001,0.7344729900360107,0.9658982753753662,0.0
MNIST,poly_sketch,10.0,0.5,srht,0.0,0.0,0.0,1.0,0.0,9.027409553527832,1.4142135381698608,0.09589999914169312,0.31500619649887085,0.09000000357627869,3953.335693359375,1.2390767335891724,1663.3125,0.7338568568229675,4919.974609375,4.067221641540527,18.565263748168945,2048.0,32768.0,None,0.001,0.10918974876403809,0.956376314163208,0.0
MNIST,poly_sketch,10.0,0.5,srht,0.0,1.0,0.0,1.0,0.0,9.027409553527832,1.4142135381698608,0.05859999731183052,0.19499792158603668,0.09000000357627869,2239.864501953125,0.7020309567451477,715.4745483398438,0.31566882133483887,3122.014892578125,2.6567001342773438,15.162602424621582,2048.0,32768.0,None,0.001,0.22411108016967773,0.9483740329742432,0.0
MNIST,poly_sketch,10.0,0.5,countsketch_scatter,0.0,0.0,0.0,0.0,0.0,9.027409553527832,1.4142135381698608,0.05949999764561653,0.18905115127563477,0.09000000357627869,3414.92431640625,1.0703247785568237,1858.7330322265625,0.8200767636299133,3094.912841796875,2.6076083183288574,15.130173683166504,2048.0,32768.0,None,0.001,0.18502402305603027,0.9653058052062988,0.0
MNIST,srf,10.0,0.5,gaussian,0.0,0.0,1.0,0.0,0.0,9.027409553527832,1.4142135381698608,0.04360000044107437,0.14522165060043335,0.09000000357627869,1101.2166748046875,0.34514951705932617,555.0535278320312,0.2448907345533371,1835.8895263671875,2.031191349029541,9.761374473571777,2048.0,32768.0,None,0.001,0.7343122959136963,0.9715747833251953,0.0
MNIST,poly_sketch,10.0,0.5,srht,0.0,0.0,1.0,1.0,0.0,9.027409553527832,1.4142135381698608,0.04919999837875366,0.1610378623008728,0.09000000357627869,2013.924072265625,0.6312153935432434,731.414306640625,0.32270148396492004,2320.247314453125,2.2196319103240967,12.040229797363281,2048.0,32768.0,None,0.001,1.29752516746521,0.9482090473175049,0.0
MNIST,poly_sketch,10.0,0.5,srht,0.0,1.0,1.0,1.0,0.0,9.027409553527832,1.4142135381698608,0.04829999804496765,0.1510774791240692,0.09000000357627869,1427.628662109375,0.44745540618896484,813.761962890625,0.3590334355831146,1934.2047119140625,1.9799846410751343,10.616165161132812,2048.0,32768.0,None,0.001,1.339644432067871,0.9654850959777832,0.0
MNIST,poly_sketch,10.0,0.5,countsketch_scatter,0.0,0.0,1.0,0.0,0.0,9.027409553527832,1.4142135381698608,0.04690000042319298,0.15457379817962646,0.09000000357627869,1357.544189453125,0.4254891276359558,543.6990356445312,0.23988111317157745,1979.0244140625,2.0806572437286377,10.548110008239746,2048.0,32768.0,None,0.001,2.4743924140930176,0.954045295715332,0.0
MNIST,srf,10.0,0.5,gaussian,0.0,0.0,0.0,0.0,0.0,9.027409553527832,1.4142135381698608,0.03150000050663948,0.10742029547691345,0.09000000357627869,876.2734375,0.2746465504169464,560.3919067382812,0.24724604189395905,786.0874633789062,1.0616012811660767,4.022704124450684,4096.0,32768.0,None,0.001,0.07057881355285645,3.012971878051758,0.0
MNIST,poly_sketch,10.0,0.5,gaussian,0.0,0.0,0.0,0.0,0.0,9.027409553527832,1.4142135381698608,0.0973999947309494,0.32896852493286133,0.09000000357627869,109944.953125,34.459564208984375,109544.2734375,48.331153869628906,4991.65625,4.241377353668213,18.744701385498047,4096.0,32768.0,None,0.001,0.7988433837890625,3.0164923667907715,0.0
MNIST,poly_sketch,10.0,0.5,gaussian,0.0,1.0,0.0,0.0,0.0,9.027409553527832,1.4142135381698608,0.048899997025728226,0.1599433571100235,0.09000000357627869,5036.1005859375,1.578442931175232,2882.1044921875,1.2715903520584106,2707.41455078125,2.232861280441284,14.437479972839355,4096.0,32768.0,None,0.001,1.4449162483215332,3.0270369052886963,0.0
MNIST,poly_sketch,10.0,0.5,rademacher,0.0,0.0,0.0,0.0,0.0,9.027409553527832,1.4142135381698608,0.05989999696612358,0.20336556434631348,0.09000000357627869,4015.88671875,1.2586817741394043,2192.026611328125,0.9671265482902527,3173.314697265625,2.6933465003967285,14.723987579345703,4096.0,32768.0,None,0.001,0.7984302043914795,3.0352556705474854,0.0
MNIST,poly_sketch,10.0,0.5,rademacher,0.0,1.0,0.0,0.0,0.0,9.027409553527832,1.4142135381698608,0.04019999876618385,0.12670519948005676,0.09000000357627869,1893.179443359375,0.5933709740638733,640.8643798828125,0.28275066614151,1792.5389404296875,1.6526238918304443,10.338769912719727,4096.0,32768.0,None,0.001,1.4464337825775146,3.021052837371826,0.0
MNIST,poly_sketch,10.0,0.5,srht,0.0,0.0,0.0,1.0,0.0,9.027409553527832,1.4142135381698608,0.060099996626377106,0.1916336715221405,0.09000000357627869,4004.937744140625,1.255250096321106,2684.839599609375,1.1845566034317017,3196.55908203125,2.6388230323791504,15.176801681518555,4096.0,32768.0,None,0.001,0.1736311912536621,3.0204687118530273,0.0
MNIST,poly_sketch,10.0,0.5,srht,0.0,1.0,0.0,1.0,0.0,9.027409553527832,1.4142135381698608,0.04259999841451645,0.1334184855222702,0.09000000357627869,2683.3564453125,0.8410326838493347,1865.1829833984375,0.8229225277900696,1822.703125,1.655083417892456,10.609517097473145,4096.0,32768.0,None,0.001,0.28214049339294434,3.0221974849700928,0.0
MNIST,poly_sketch,10.0,0.5,countsketch_scatter,0.0,0.0,0.0,0.0,0.0,9.027409553527832,1.4142135381698608,0.03989999741315842,0.12713417410850525,0.09000000357627869,3038.148193359375,0.9522334933280945,1700.9638671875,0.7504686713218689,1790.5535888671875,1.6710021495819092,10.291175842285156,4096.0,32768.0,None,0.001,0.33197975158691406,3.021839141845703,0.0
MNIST,srf,10.0,0.5,gaussian,0.0,0.0,1.0,0.0,0.0,9.027409553527832,1.4142135381698608,0.03309999778866768,0.10842633992433548,0.09000000357627869,938.7537231445312,0.2942294776439667,653.9530029296875,0.28852537274360657,787.9154052734375,1.0709261894226074,4.003675937652588,4096.0,32768.0,None,0.001,0.7567367553710938,3.028367519378662,0.0
MNIST,poly_sketch,10.0,0.5,srht,0.0,0.0,1.0,1.0,0.0,9.027409553527832,1.4142135381698608,0.038100000470876694,0.12572507560253143,0.09000000357627869,2638.330322265625,0.8269203305244446,1690.0576171875,0.7456568479537964,1437.1566162109375,1.4100828170776367,8.447915077209473,4096.0,32768.0,None,0.001,1.3163142204284668,3.031632661819458,0.0
MNIST,poly_sketch,10.0,0.5,srht,0.0,1.0,1.0,1.0,0.0,9.027409553527832,1.4142135381698608,0.03280000016093254,0.1107623502612114,0.09000000357627869,1050.7125244140625,0.3293202221393585,328.8872375488281,0.14510571956634521,993.7820434570312,1.1696847677230835,5.615588665008545,4096.0,32768.0,None,0.001,1.3670575618743896,3.021766185760498,0.0
MNIST,poly_sketch,10.0,0.5,countsketch_scatter,0.0,0.0,1.0,0.0,0.0,9.027409553527832,1.4142135381698608,0.035099998116493225,0.11053935438394547,0.09000000357627869,1014.7056274414062,0.31803473830223083,285.5412292480469,0.12598136067390442,994.9485473632812,1.1610583066940308,5.690739631652832,4096.0,32768.0,None,0.001,2.4991583824157715,3.0127880573272705,0.0
MNIST,srf,10.0,0.5,gaussian,0.0,0.0,0.0,0.0,0.0,9.027409553527832,1.4142135381698608,0.02630000002682209,0.08525378257036209,0.09000000357627869,716.3654174804688,0.2245272845029831,527.2548217773438,0.23262588679790497,325.5430603027344,0.5222632884979248,1.2280213832855225,8192.0,32768.0,None,0.001,0.1362895965576172,11.154333114624023,0.0
MNIST,poly_sketch,10.0,0.5,gaussian,0.0,0.0,0.0,0.0,0.0,9.027409553527832,1.4142135381698608,0.06209999695420265,0.20634028315544128,0.09000000357627869,4565.296875,1.4308810234069824,2053.1845703125,0.90586918592453,3449.463623046875,2.889772415161133,15.908201217651367,8192.0,32768.0,None,0.001,1.5536229610443115,11.176765203475952,0.0
MNIST,poly_sketch,10.0,0.5,gaussian,0.0,1.0,0.0,0.0,0.0,9.027409553527832,1.4142135381698608,0.03280000016093254,0.11315273493528366,0.09000000357627869,3332.12890625,1.0443745851516724,1842.882568359375,0.8130835294723511,1667.1263427734375,1.466369390487671,10.379799842834473,8192.0,32768.0,None,0.001,2.8482110500335693,11.166917562484741,0.0
MNIST,poly_sketch,10.0,0.5,rademacher,0.0,0.0,0.0,0.0,0.0,9.027409553527832,1.4142135381698608,0.0421999990940094,0.13786277174949646,0.09000000357627869,5635.48388671875,1.7663050889968872,4921.9306640625,2.1715657711029053,2022.2847900390625,1.7863050699234009,11.052431106567383,8192.0,32768.0,None,0.001,1.5543298721313477,11.176608562469482,0.0
MNIST,poly_sketch,10.0,0.5,rademacher,0.0,1.0,0.0,0.0,0.0,9.027409553527832,1.4142135381698608,0.028299998492002487,0.09141509234905243,0.09000000357627869,1954.1185302734375,0.612470805644989,925.1729736328125,0.40818819403648376,992.35791015625,1.0389204025268555,6.071198463439941,8192.0,32768.0,None,0.001,2.847426176071167,11.175600051879883,0.0
MNIST,poly_sketch,10.0,0.5,srht,0.0,0.0,0.0,1.0,0.0,9.027409553527832,1.4142135381698608,0.04169999808073044,0.133878692984581,0.09000000357627869,2875.607666015625,0.901289165019989,1383.8505859375,0.6105576753616333,2037.2200927734375,1.751239538192749,11.340065002441406,8192.0,32768.0,None,0.001,0.3085160255432129,11.17906665802002,0.0
MNIST,poly_sketch,10.0,0.5,srht,0.0,1.0,0.0,1.0,0.0,9.027409553527832,1.4142135381698608,0.028599999845027924,0.09578452259302139,0.09000000357627869,1316.480712890625,0.4126187860965729,429.9128723144531,0.18967843055725098,968.8316650390625,1.0242950916290283,5.929599285125732,8192.0,32768.0,None,0.001,0.4104480743408203,11.15562105178833,0.0
MNIST,poly_sketch,10.0,0.5,countsketch_scatter,0.0,0.0,0.0,0.0,0.0,9.027409553527832,1.4142135381698608,0.029500000178813934,0.09811141341924667,0.09000000357627869,1714.3031005859375,0.537306547164917,798.994873046875,0.35251814126968384,1003.5310668945312,1.0400102138519287,6.236543655395508,8192.0,32768.0,None,0.001,0.6089620590209961,11.141329526901245,0.0
MNIST,srf,10.0,0.5,gaussian,0.0,0.0,1.0,0.0,0.0,9.027409553527832,1.4142135381698608,0.025599999353289604,0.08257768303155899,0.09000000357627869,699.9532470703125,0.21938328444957733,504.80126953125,0.22271934151649475,322.1699523925781,0.5129832029342651,1.2267035245895386,8192.0,32768.0,None,0.001,0.7928881645202637,11.146549224853516,0.0
MNIST,poly_sketch,10.0,0.5,srht,0.0,0.0,1.0,1.0,0.0,9.027409553527832,1.4142135381698608,0.027799999341368675,0.09705392271280289,0.09000000357627869,1936.725830078125,0.6070194840431213,997.9637451171875,0.44030362367630005,1060.992431640625,1.0467413663864136,6.560576915740967,8192.0,32768.0,None,0.001,1.35150146484375,11.150521516799927,0.0
MNIST,poly_sketch,10.0,0.5,srht,0.0,1.0,1.0,1.0,0.0,9.027409553527832,1.4142135381698608,0.024699999019503593,0.08370178937911987,0.09000000357627869,848.5313720703125,0.2659514844417572,315.9487609863281,0.13939723372459412,556.6785278320312,0.7055015563964844,3.0933902263641357,8192.0,32768.0,None,0.001,1.4004931449890137,11.146934032440186,0.0
MNIST,poly_sketch,10.0,0.5,countsketch_scatter,0.0,0.0,1.0,0.0,0.0,9.027409553527832,1.4142135381698608,0.02719999849796295,0.08643261343240738,0.09000000357627869,869.1083984375,0.2724008560180664,299.1009216308594,0.13196393847465515,555.9205932617188,0.6957875490188599,3.121408700942993,8192.0,32768.0,None,0.001,2.5347957611083984,11.140827417373657,0.0
MNIST,srf,10.0,0.5,gaussian,0.0,0.0,0.0,0.0,0.0,9.027409553527832,1.4142135381698608,0.02029999904334545,0.07117122411727905,0.09000000357627869,626.1160278320312,0.19624081254005432,518.1121215820312,0.22859211266040802,142.24264526367188,0.2544979155063629,0.3071726858615875,16384.0,32768.0,None,0.001,0.2658567428588867,44.33267903327942,0.0
MNIST,poly_sketch,10.0,0.5,gaussian,0.0,0.0,0.0,0.0,0.0,9.027409553527832,1.4142135381698608,0.04189999774098396,0.13805238902568817,0.09000000357627869,4726.46240234375,1.4813944101333618,2794.48095703125,1.2329306602478027,2254.108642578125,1.8876477479934692,12.476012229919434,16384.0,32768.0,None,0.001,3.105588674545288,44.39973425865173,0.0
MNIST,poly_sketch,10.0,0.5,gaussian,0.0,1.0,0.0,0.0,0.0,9.027409553527832,1.4142135381698608,0.027899999171495438,0.09172729402780533,0.09000000357627869,1850.2882080078125,0.5799277424812317,595.1970825195312,0.26260215044021606,972.6134643554688,1.0048565864562988,6.238709926605225,16384.0,32768.0,None,0.001,5.665525913238525,44.44778108596802,0.0
MNIST,poly_sketch,10.0,0.5,rademacher,0.0,0.0,0.0,0.0,0.0,9.027409553527832,1.4142135381698608,0.02979999966919422,0.09631148725748062,0.09000000357627869,2251.798583984375,0.7057713866233826,881.7974243164062,0.38905081152915955,1242.9051513671875,1.135387659072876,7.743182182312012,16384.0,32768.0,None,0.001,3.111656904220581,44.56486916542053,0.0
MNIST,poly_sketch,10.0,0.5,rademacher,0.0,1.0,0.0,0.0,0.0,9.027409553527832,1.4142135381698608,0.02279999852180481,0.07633892446756363,0.09000000357627869,1189.34814453125,0.3727721869945526,552.2890014648438,0.24367102980613708,549.9488525390625,0.636502742767334,3.387892007827759,16384.0,32768.0,None,0.001,5.666137456893921,44.475292921066284,0.0
MNIST,poly_sketch,10.0,0.5,srht,0.0,0.0,0.0,1.0,0.0,9.027409553527832,1.4142135381698608,0.03009999915957451,0.09860692173242569,0.09000000357627869,3901.542724609375,1.2228435277938843,2773.43701171875,1.2236460447311401,1251.4139404296875,1.1321227550506592,7.8316650390625,16384.0,32768.0,None,0.001,0.5768465995788574,44.67516565322876,0.0
MNIST,poly_sketch,10.0,0.5,srht,0.0,1.0,0.0,1.0,0.0,9.027409553527832,1.4142135381698608,0.02279999852180481,0.07653439044952393,0.09000000357627869,1532.5670166015625,0.48034578561782837,880.9379272460938,0.3886716067790985,535.2618408203125,0.6339012384414673,3.1717512607574463,16384.0,32768.0,None,0.001,0.6666586399078369,44.368616580963135,0.0
MNIST,poly_sketch,10.0,0.5,countsketch_scatter,0.0,0.0,0.0,0.0,0.0,9.027409553527832,1.4142135381698608,0.020899999886751175,0.07365056127309799,0.09000000357627869,1055.79833984375,0.3309142589569092,358.2327575683594,0.15805301070213318,526.0383911132812,0.6420902609825134,3.0061230659484863,16384.0,32768.0,None,0.001,1.1091411113739014,44.349048376083374,0.0
MNIST,srf,10.0,0.5,gaussian,0.0,0.0,1.0,0.0,0.0,9.027409553527832,1.4142135381698608,0.0210999995470047,0.07403909415006638,0.09000000357627869,633.9137573242188,0.19868481159210205,528.4613037109375,0.2331582009792328,142.98098754882812,0.25705093145370483,0.311527818441391,16384.0,32768.0,None,0.001,0.8395674228668213,44.43272662162781,0.0
MNIST,poly_sketch,10.0,0.5,srht,0.0,0.0,1.0,1.0,0.0,9.027409553527832,1.4142135381698608,0.025299999862909317,0.0796453133225441,0.09000000357627869,2276.765380859375,0.7135966420173645,1441.68310546875,0.6360735297203064,821.05615234375,0.8267309665679932,5.571096897125244,16384.0,32768.0,None,0.001,1.4016835689544678,44.46019506454468,0.0
MNIST,poly_sketch,10.0,0.5,srht,0.0,1.0,1.0,1.0,0.0,9.027409553527832,1.4142135381698608,0.019999999552965164,0.07048936933279037,0.09000000357627869,1065.2322998046875,0.33387109637260437,583.1551513671875,0.25728923082351685,364.7148132324219,0.4908217191696167,1.8690420389175415,16384.0,32768.0,None,0.001,1.448622465133667,44.39218235015869,0.0
MNIST,poly_sketch,10.0,0.5,countsketch_scatter,0.0,0.0,1.0,0.0,0.0,9.027409553527832,1.4142135381698608,0.020099999383091927,0.07280929386615753,0.09000000357627869,909.947509765625,0.2852008640766144,324.57318115234375,0.14320234954357147,369.1343688964844,0.4982333481311798,1.8741949796676636,16384.0,32768.0,None,0.001,2.5859124660491943,44.399123191833496,0.0
MNIST,srf,10.0,0.5,gaussian,0.0,0.0,0.0,0.0,0.0,9.027409553527832,1.4142135381698608,0.1013999953866005,0.33235931396484375,0.09000000357627869,2037.3458251953125,0.6407255530357361,781.7225341796875,0.3448382019996643,6011.35888671875,4.7427592277526855,21.293834686279297,512.0,32768.0,None,0.001,0.01483464241027832,0.09469079971313477,1.0
MNIST,poly_sketch,10.0,0.5,gaussian,0.0,0.0,0.0,0.0,0.0,9.027409553527832,1.4142135381698608,0.34779998660087585,1.345160961151123,0.09000000357627869,6152.9873046875,1.9350550174713135,4954.173828125,2.185415267944336,11463.3330078125,9.022248268127441,23.998729705810547,512.0,32768.0,None,0.001,0.10944247245788574,0.10043668746948242,1.0
MNIST,poly_sketch,10.0,0.5,gaussian,0.0,1.0,0.0,0.0,0.0,9.027409553527832,1.4142135381698608,0.19110000133514404,0.652023196220398,0.09000000357627869,5248.037109375,1.6504569053649902,2452.0205078125,1.0816502571105957,8408.34375,6.664674758911133,22.892330169677734,512.0,32768.0,None,0.001,0.20708537101745605,0.09737634658813477,1.0
MNIST,poly_sketch,10.0,0.5,rademacher,0.0,0.0,0.0,0.0,0.0,9.027409553527832,1.4142135381698608,0.2256999909877777,0.8266268372535706,0.09000000357627869,6433.92431640625,2.023406982421875,3590.4443359375,1.583838701248169,9637.783203125,8.13330364227295,22.952537536621094,512.0,32768.0,None,0.001,0.1100165843963623,0.10023641586303711,1.0
MNIST,poly_sketch,10.0,0.5,rademacher,0.0,1.0,0.0,0.0,0.0,9.027409553527832,1.4142135381698608,0.1468999981880188,0.48192650079727173,0.09000000357627869,4078.0673828125,1.2825127840042114,1599.344970703125,0.7055128216743469,7186.75537109375,5.6867828369140625,21.966943740844727,512.0,32768.0,None,0.001,0.20711207389831543,0.09797787666320801,1.0
MNIST,poly_sketch,10.0,0.5,srht,0.0,0.0,0.0,1.0,0.0,9.027409553527832,1.4142135381698608,0.2475999891757965,0.9033769369125366,0.09000000357627869,12446.4306640625,3.9142820835113525,11176.4873046875,4.930240154266357,9950.408203125,8.311534881591797,23.107772827148438,512.0,32768.0,None,0.001,0.06396055221557617,0.1004328727722168,1.0
MNIST,poly_sketch,10.0,0.5,srht,0.0,1.0,0.0,1.0,0.0,9.027409553527832,1.4142135381698608,0.1453000009059906,0.47987714409828186,0.09000000357627869,4209.58251953125,1.3238729238510132,2326.0537109375,1.026082992553711,7279.14794921875,5.786462306976318,22.020719528198242,512.0,32768.0,None,0.001,0.1687171459197998,0.09652280807495117,1.0
MNIST,poly_sketch,10.0,0.5,countsketch_scatter,0.0,0.0,0.0,0.0,0.0,9.027409553527832,1.4142135381698608,0.15519998967647552,0.5216144323348999,0.09000000357627869,4225.3291015625,1.3288251161575317,1883.0968017578125,0.8306831121444702,7403.54833984375,5.835847854614258,22.206819534301758,512.0,32768.0,None,0.001,0.07552671432495117,0.1032717227935791,1.0
MNIST,srf,10.0,0.5,gaussian,0.0,0.0,1.0,0.0,0.0,9.027409553527832,1.4142135381698608,0.10610000044107437,0.3455043435096741,0.09000000357627869,2056.45849609375,0.6467363238334656,769.6428833007812,0.3395095467567444,6070.544921875,4.831705093383789,21.296838760375977,512.0,32768.0,None,0.001,0.7130897045135498,0.10445404052734375,1.0
MNIST,poly_sketch,10.0,0.5,srht,0.0,0.0,1.0,1.0,0.0,9.027409553527832,1.4142135381698608,0.11159999668598175,0.3667113780975342,0.09000000357627869,4228.34814453125,1.3297746181488037,3187.033447265625,1.405883550643921,6280.27490234375,5.055844783782959,21.294469833374023,512.0,32768.0,None,0.001,1.2729308605194092,0.10026884078979492,1.0
MNIST,poly_sketch,10.0,0.5,srht,0.0,1.0,1.0,1.0,0.0,9.027409553527832,1.4142135381698608,0.10209999978542328,0.33145952224731445,0.09000000357627869,2278.294189453125,0.7165014743804932,814.9603881835938,0.35950028896331787,6027.17333984375,4.745097637176514,21.248289108276367,512.0,32768.0,None,0.001,1.321897268295288,0.09991145133972168,1.0
MNIST,poly_sketch,10.0,0.5,countsketch_scatter,0.0,0.0,1.0,0.0,0.0,9.027409553527832,1.4142135381698608,0.10189999639987946,0.32084545493125916,0.09000000357627869,2248.83837890625,0.7072378993034363,660.9423828125,0.2915589213371277,5992.34033203125,4.661820411682129,21.285694122314453,512.0,32768.0,None,0.001,2.453761100769043,0.1019430160522461,1.0
MNIST,srf,10.0,0.5,gaussian,0.0,0.0,0.0,0.0,0.0,9.027409553527832,1.4142135381698608,0.06480000168085098,0.20958656072616577,0.09000000357627869,1459.431396484375,0.4589770436286926,576.7239379882812,0.25440797209739685,3623.102783203125,3.273200273513794,16.55515480041504,1024.0,32768.0,None,0.001,0.022359609603881836,0.24973249435424805,1.0
MNIST,poly_sketch,10.0,0.5,gaussian,0.0,0.0,0.0,0.0,0.0,9.027409553527832,1.4142135381698608,0.23919999599456787,0.8448456525802612,0.09000000357627869,4456.6494140625,1.4015731811523438,2085.390625,0.9199202060699463,9181.5380859375,7.808497428894043,22.727773666381836,1024.0,32768.0,None,0.001,0.20263910293579102,0.2518761157989502,1.0
MNIST,poly_sketch,10.0,0.5,gaussian,0.0,1.0,0.0,0.0,0.0,9.027409553527832,1.4142135381698608,0.11989999562501907,0.4042316973209381,0.09000000357627869,6413.08056640625,2.0168519020080566,3336.582275390625,1.471853494644165,5991.42529296875,4.879695415496826,20.63785743713379,1024.0,32768.0,None,0.001,0.3915235996246338,0.24993062019348145,1.0
MNIST,poly_sketch,10.0,0.5,rademacher,0.0,0.0,0.0,0.0,0.0,9.027409553527832,1.4142135381698608,0.15029999613761902,0.5136159062385559,0.09000000357627869,43639.9609375,13.724345207214355,42482.375,18.740083694458008,7064.3330078125,6.000879764556885,21.011981964111328,1024.0,32768.0,None,0.001,0.20259666442871094,0.249403715133667,1.0
MNIST,poly_sketch,10.0,0.5,rademacher,0.0,1.0,0.0,0.0,0.0,9.027409553527832,1.4142135381698608,0.09359999746084213,0.3117816746234894,0.09000000357627869,6071.14892578125,1.9093176126480103,3926.39892578125,1.73203706741333,4981.5908203125,4.04337739944458,19.264102935791016,1024.0,32768.0,None,0.001,0.39155030250549316,0.25031161308288574,1.0
MNIST,poly_sketch,10.0,0.5,srht,0.0,0.0,0.0,1.0,0.0,9.027409553527832,1.4142135381698608,0.15289999544620514,0.5161741375923157,0.09000000357627869,7680.27099609375,2.4153709411621094,5910.67138671875,2.607351303100586,7112.05322265625,6.009842395782471,21.13905906677246,1024.0,32768.0,None,0.001,0.07797527313232422,0.24976062774658203,1.0
MNIST,poly_sketch,10.0,0.5,srht,0.0,1.0,0.0,1.0,0.0,9.027409553527832,1.4142135381698608,0.08949999511241913,0.2925427258014679,0.09000000357627869,4752.13037109375,1.4944990873336792,3464.935302734375,1.5284733772277832,4952.0517578125,3.916109800338745,19.30144500732422,1024.0,32768.0,None,0.001,0.18981122970581055,0.2512500286102295,1.0
MNIST,poly_sketch,10.0,0.5,countsketch_scatter,0.0,0.0,0.0,0.0,0.0,9.027409553527832,1.4142135381698608,0.09779999405145645,0.3108123540878296,0.09000000357627869,3712.599853515625,1.167576789855957,1609.9647216796875,0.7101974487304688,4981.90478515625,4.064846038818359,19.23233985900879,1024.0,32768.0,None,0.001,0.10993099212646484,0.2540285587310791,1.0
MNIST,srf,10.0,0.5,gaussian,0.0,0.0,1.0,0.0,0.0,9.027409553527832,1.4142135381698608,0.06719999760389328,0.2185295671224594,0.09000000357627869,1460.71728515625,0.45938146114349365,582.289794921875,0.25686320662498474,3679.393798828125,3.388127326965332,16.577455520629883,1024.0,32768.0,None,0.001,0.7214045524597168,0.25496363639831543,1.0
MNIST,poly_sketch,10.0,0.5,srht,0.0,0.0,1.0,1.0,0.0,9.027409553527832,1.4142135381698608,0.07289999723434448,0.2444324642419815,0.09000000357627869,2169.183837890625,0.6821873188018799,627.6354370117188,0.2768663763999939,3951.223388671875,3.4621856212615967,17.128158569335938,1024.0,32768.0,None,0.001,1.2802019119262695,0.2524704933166504,1.0
MNIST,poly_sketch,10.0,0.5,srht,0.0,1.0,1.0,1.0,0.0,9.027409553527832,1.4142135381698608,0.06560000032186508,0.21524330973625183,0.09000000357627869,1583.12841796875,0.4978785812854767,436.94580078125,0.19274818897247314,3664.87353515625,3.2563252449035645,16.660640716552734,1024.0,32768.0,None,0.001,1.3312504291534424,0.24818921089172363,1.0
MNIST,poly_sketch,10.0,0.5,countsketch_scatter,0.0,0.0,1.0,0.0,0.0,9.027409553527832,1.4142135381698608,0.06920000165700912,0.21702301502227783,0.09000000357627869,2493.286865234375,0.7841145992279053,1776.33740234375,0.7835887670516968,3697.581298828125,3.321639060974121,16.702638626098633,1024.0,32768.0,None,0.001,2.4601328372955322,0.2514934539794922,1.0
MNIST,srf,10.0,0.5,gaussian,0.0,0.0,0.0,0.0,0.0,9.027409553527832,1.4142135381698608,0.04699999839067459,0.14619524776935577,0.09000000357627869,1118.946044921875,0.3518977165222168,600.5185546875,0.2649044096469879,1826.2125244140625,2.008939743041992,9.748641967773438,2048.0,32768.0,None,0.001,0.0379481315612793,0.9483771324157715,1.0
MNIST,poly_sketch,10.0,0.5,gaussian,0.0,0.0,0.0,0.0,0.0,9.027409553527832,1.4142135381698608,0.1485999971628189,0.5161229372024536,0.09000000357627869,8019.94921875,2.5221965312957764,5493.08837890625,2.423144578933716,6779.29052734375,5.592458724975586,21.270719528198242,2048.0,32768.0,None,0.001,0.40118932723999023,0.9737446308135986,1.0
MNIST,poly_sketch,10.0,0.5,gaussian,0.0,1.0,0.0,0.0,0.0,9.027409553527832,1.4142135381698608,0.07939999550580978,0.26837441325187683,0.09000000357627869,4013.720458984375,1.262276291847229,1632.8604736328125,0.7202973365783691,4052.682861328125,3.2973904609680176,17.711151123046875,2048.0,32768.0,None,0.001,0.7334244251251221,0.9557428359985352,1.0
MNIST,poly_sketch,10.0,0.5,rademacher,0.0,0.0,0.0,0.0,0.0,9.027409553527832,1.4142135381698608,0.09149999916553497,0.3063144087791443,0.09000000357627869,6110.06982421875,1.921557903289795,3537.03759765625,1.5602796077728271,4873.75634765625,4.098255634307861,18.51177215576172,2048.0,32768.0,None,0.001,0.40115809440612793,0.9734559059143066,1.0
MNIST,poly_sketch,10.0,0.5,rademacher,0.0,1.0,0.0,0.0,0.0,9.027409553527832,1.4142135381698608,0.0575999990105629,0.18606862425804138,0.09000000357627869,2161.0546875,0.6796308159828186,1018.9154663085938,0.449470192193985,3089.305419921875,2.565250873565674,15.248051643371582,2048.0,32768.0,None,0.001,0.7334609031677246,0.9736611843109131,1.0
MNIST,poly_sketch,10.0,0.5,srht,0.0,0.0,0.0,1.0,0.0,9.027409553527832,1.4142135381698608,0.09079999476671219,0.31214892864227295,0.09000000357627869,3945.696533203125,1.2408833503723145,2229.404296875,0.9834483861923218,4821.73095703125,3.8946402072906494,18.46744728088379,2048.0,32768.0,None,0.001,0.10912394523620605,0.9559218883514404,1.0
MNIST,poly_sketch,10.0,0.5,srht,0.0,1.0,0.0,1.0,0.0,9.027409553527832,1.4142135381698608,0.05859999731183052,0.19215285778045654,0.09000000357627869,2592.427978515625,0.8152934908866882,1068.3897705078125,0.4712946116924286,3038.3447265625,2.54559588432312,15.074216842651367,2048.0,32768.0,None,0.001,0.22356581687927246,0.9697294235229492,1.0
MNIST,poly_sketch,10.0,0.5,countsketch_scatter,0.0,0.0,0.0,0.0,0.0,9.027409553527832,1.4142135381698608,0.060999996960163116,0.1966860145330429,0.09000000357627869,4580.03662109375,1.4403772354125977,3041.170166015625,1.3415395021438599,3103.152099609375,2.622694253921509,15.119392395019531,2048.0,32768.0,None,0.001,0.1846320629119873,0.9740829467773438,1.0
MNIST,srf,10.0,0.5,gaussian,0.0,0.0,1.0,0.0,0.0,9.027409553527832,1.4142135381698608,0.045099999755620956,0.14489784836769104,0.09000000357627869,1079.19677734375,0.33939695358276367,509.0288391113281,0.2245458960533142,1832.076171875,2.0301575660705566,9.728382110595703,2048.0,32768.0,None,0.001,0.7348051071166992,0.9671115875244141,1.0
MNIST,poly_sketch,10.0,0.5,srht,0.0,0.0,1.0,1.0,0.0,9.027409553527832,1.4142135381698608,0.04820000007748604,0.16203010082244873,0.09000000357627869,3231.143310546875,1.0161633491516113,2481.65966796875,1.0947247743606567,2286.264892578125,2.2256276607513428,11.893389701843262,2048.0,32768.0,None,0.001,1.292830467224121,0.9774701595306396,1.0
MNIST,poly_sketch,10.0,0.5,srht,0.0,1.0,1.0,1.0,0.0,9.027409553527832,1.4142135381698608,0.04470000043511391,0.14869433641433716,0.09000000357627869,1250.021484375,0.3931196630001068,380.5634765625,0.1678764820098877,1962.1004638671875,2.0199077129364014,10.599516868591309,2048.0,32768.0,None,0.001,1.3409786224365234,0.9564268589019775,1.0
MNIST,poly_sketch,10.0,0.5,countsketch_scatter,0.0,0.0,1.0,0.0,0.0,9.027409553527832,1.4142135381698608,0.04699999839067459,0.14671456813812256,0.09000000357627869,1244.84423828125,0.39149147272109985,364.46759033203125,0.16077616810798645,1990.1619873046875,2.036583662033081,10.774057388305664,2048.0,32768.0,None,0.001,2.4743738174438477,0.9746401309967041,1.0
MNIST,srf,10.0,0.5,gaussian,0.0,0.0,0.0,0.0,0.0,9.027409553527832,1.4142135381698608,0.031599998474121094,0.10581868886947632,0.09000000357627869,863.0693969726562,0.2714269757270813,538.6600952148438,0.23761701583862305,793.2560424804688,1.0737431049346924,4.007351875305176,4096.0,32768.0,None,0.001,0.07039499282836914,3.021651268005371,1.0
MNIST,poly_sketch,10.0,0.5,gaussian,0.0,0.0,0.0,0.0,0.0,9.027409553527832,1.4142135381698608,0.09679999947547913,0.3239566683769226,0.09000000357627869,7702.521484375,2.4223685264587402,5047.37890625,2.2265305519104004,4936.8916015625,4.102014541625977,18.780916213989258,4096.0,32768.0,None,0.001,0.7996237277984619,3.0350289344787598,1.0
MNIST,poly_sketch,10.0,0.5,gaussian,0.0,1.0,0.0,0.0,0.0,9.027409553527832,1.4142135381698608,0.05159999802708626,0.1595226526260376,0.09000000357627869,2519.740234375,0.7924339175224304,1119.412353515625,0.4938019812107086,2702.70703125,2.2790470123291016,14.269211769104004,4096.0,32768.0,None,0.001,1.4437510967254639,3.020259380340576,1.0
MNIST,poly_sketch,10.0,0.5,rademacher,0.0,0.0,0.0,0.0,0.0,9.027409553527832,1.4142135381698608,0.05779999867081642,0.19595350325107574,0.09000000357627869,4363.6064453125,1.372312068939209,3254.64111328125,1.4357070922851562,3282.356201171875,2.693110466003418,15.375356674194336,4096.0,32768.0,None,0.001,0.7994732856750488,3.0491445064544678,1.0
MNIST,poly_sketch,10.0,0.5,rademacher,0.0,1.0,0.0,0.0,0.0,9.027409553527832,1.4142135381698608,0.04149999842047691,0.1311482936143875,0.09000000357627869,2589.160400390625,0.8142659068107605,1571.7880859375,0.6933567523956299,1758.532470703125,1.6331617832183838,10.148056983947754,4096.0,32768.0,None,0.001,1.4439871311187744,3.020228862762451,1.0
MNIST,poly_sketch,10.0,0.5,srht,0.0,0.0,0.0,1.0,0.0,9.027409553527832,1.4142135381698608,0.05889999866485596,0.1953027844429016,0.09000000357627869,4146.88232421875,1.304154396057129,2494.67626953125,1.1004668474197388,3150.952880859375,2.5676121711730957,15.026957511901855,4096.0,32768.0,None,0.001,0.175079345703125,3.012627601623535,1.0
MNIST,poly_sketch,10.0,0.5,srht,0.0,1.0,0.0,1.0,0.0,9.027409553527832,1.4142135381698608,0.04319999739527702,0.13625571131706238,0.09000000357627869,2071.89404296875,0.6515906453132629,948.0647583007812,0.41821610927581787,1815.2806396484375,1.6425646543502808,10.528874397277832,4096.0,32768.0,None,0.001,0.28243327140808105,3.0199620723724365,1.0
MNIST,poly_sketch,10.0,0.5,countsketch_scatter,0.0,0.0,0.0,0.0,0.0,9.027409553527832,1.4142135381698608,0.038599997758865356,0.12730573117733002,0.09000000357627869,2289.524169921875,0.7200332283973694,1064.2169189453125,0.4694538414478302,1725.6385498046875,1.6757227182388306,9.706509590148926,4096.0,32768.0,None,0.001,0.33594441413879395,3.0147955417633057,1.0
MNIST,srf,10.0,0.5,gaussian,0.0,0.0,1.0,0.0,0.0,9.027409553527832,1.4142135381698608,0.032600000500679016,0.10849404335021973,0.09000000357627869,892.2160034179688,0.28059330582618713,581.4417114257812,0.256489098072052,776.9406127929688,1.0497088432312012,3.9819347858428955,4096.0,32768.0,None,0.001,0.7566888332366943,3.025867223739624,1.0
MNIST,poly_sketch,10.0,0.5,srht,0.0,0.0,1.0,1.0,0.0,9.027409553527832,1.4142135381698608,0.036399997770786285,0.12415394932031631,0.09000000357627869,2085.26123046875,0.6557945013046265,1074.46142578125,0.47397297620773315,1444.67578125,1.432357668876648,8.385075569152832,4096.0,32768.0,None,0.001,1.3170442581176758,3.0235369205474854,1.0
MNIST,poly_sketch,10.0,0.5,srht,0.0,1.0,1.0,1.0,0.0,9.027409553527832,1.4142135381698608,0.03319999948143959,0.10638951510190964,0.09000000357627869,1205.6190185546875,0.3791555166244507,516.2633056640625,0.2277372181415558,982.9387817382812,1.151831865310669,5.620355606079102,4096.0,32768.0,None,0.001,1.3647181987762451,3.0293805599212646,1.0
MNIST,poly_sketch,10.0,0.5,countsketch_scatter,0.0,0.0,1.0,0.0,0.0,9.027409553527832,1.4142135381698608,0.030700000002980232,0.1065623015165329,0.09000000357627869,1020.7544555664062,0.32101741433143616,423.06689453125,0.18662583827972412,982.2374877929688,1.132810354232788,5.718863487243652,4096.0,32768.0,None,0.001,2.498093605041504,3.0238263607025146,1.0
MNIST,srf,10.0,0.5,gaussian,0.0,0.0,0.0,0.0,0.0,9.027409553527832,1.4142135381698608,0.025999998673796654,0.08721338957548141,0.09000000357627869,742.091796875,0.23338069021701813,562.2142944335938,0.2480073869228363,323.3355407714844,0.5166999101638794,1.2372022867202759,8192.0,32768.0,None,0.001,0.13668155670166016,11.170578241348267,1.0
MNIST,poly_sketch,10.0,0.5,gaussian,0.0,0.0,0.0,0.0,0.0,9.027409553527832,1.4142135381698608,0.06039999797940254,0.19753432273864746,0.09000000357627869,6678.6513671875,2.1003713607788086,4605.19580078125,2.0314719676971436,3309.354736328125,2.7008373737335205,15.713956832885742,8192.0,32768.0,None,0.001,1.5574781894683838,11.174546003341675,1.0
MNIST,poly_sketch,10.0,0.5,gaussian,0.0,1.0,0.0,0.0,0.0,9.027409553527832,1.4142135381698608,0.035999998450279236,0.11702422797679901,0.09000000357627869,10117.107421875,3.181732416152954,6829.65185546875,3.012737512588501,1660.0238037109375,1.4664111137390137,10.277777671813965,8192.0,32768.0,None,0.001,2.8536667823791504,11.165126085281372,1.0
MNIST,poly_sketch,10.0,0.5,rademacher,0.0,0.0,0.0,0.0,0.0,9.027409553527832,1.4142135381698608,0.041099999099969864,0.13250012695789337,0.09000000357627869,4464.3515625,1.403995394706726,2833.354248046875,1.2498664855957031,2037.6578369140625,1.8096346855163574,11.398027420043945,8192.0,32768.0,None,0.001,1.557689905166626,11.17454218864441,1.0
MNIST,poly_sketch,10.0,0.5,rademacher,0.0,1.0,0.0,0.0,0.0,9.027409553527832,1.4142135381698608,0.028699999675154686,0.09599407017230988,0.09000000357627869,1373.613037109375,0.431988000869751,409.0603942871094,0.18044720590114594,964.5896606445312,1.04555344581604,5.78204345703125,8192.0,32768.0,None,0.001,2.853499174118042,11.157857179641724,1.0
MNIST,poly_sketch,10.0,0.5,srht,0.0,0.0,0.0,1.0,0.0,9.027409553527832,1.4142135381698608,0.04149999842047691,0.1333514302968979,0.09000000357627869,2892.047607421875,0.9095209836959839,1582.2125244140625,0.6979552507400513,2066.720703125,1.757137417793274,11.458352088928223,8192.0,32768.0,None,0.001,0.3109250068664551,11.196661949157715,1.0
MNIST,poly_sketch,10.0,0.5,srht,0.0,1.0,0.0,1.0,0.0,9.027409553527832,1.4142135381698608,0.03019999898970127,0.09436792135238647,0.09000000357627869,1653.950439453125,0.5201514363288879,773.8560180664062,0.34136807918548584,1003.9140014648438,1.0492429733276367,6.170840263366699,8192.0,32768.0,None,0.001,0.4136805534362793,11.150567531585693,1.0
MNIST,poly_sketch,10.0,0.5,countsketch_scatter,0.0,0.0,0.0,0.0,0.0,9.027409553527832,1.4142135381698608,0.030799999833106995,0.09855666011571884,0.09000000357627869,1519.0968017578125,0.4777412414550781,635.5531005859375,0.28035905957221985,986.5216674804688,1.0280063152313232,6.1656060218811035,8192.0,32768.0,None,0.001,0.6117894649505615,11.145805358886719,1.0
MNIST,srf,10.0,0.5,gaussian,0.0,0.0,1.0,0.0,0.0,9.027409553527832,1.4142135381698608,0.025299999862909317,0.08511758595705032,0.09000000357627869,747.8179321289062,0.2351815104484558,570.4650268554688,0.2516469955444336,325.8189697265625,0.5241981148719788,1.222436785697937,8192.0,32768.0,None,0.001,0.7932837009429932,11.151463985443115,1.0
MNIST,poly_sketch,10.0,0.5,srht,0.0,0.0,1.0,1.0,0.0,9.027409553527832,1.4142135381698608,0.028699999675154686,0.09472190588712692,0.09000000357627869,3599.48388671875,1.132002830505371,2655.48583984375,1.1714041233062744,1017.9115600585938,1.0194861888885498,6.373475074768066,8192.0,32768.0,None,0.001,1.3516228199005127,11.157584190368652,1.0
MNIST,poly_sketch,10.0,0.5,srht,0.0,1.0,1.0,1.0,0.0,9.027409553527832,1.4142135381698608,0.02579999901354313,0.08489346504211426,0.09000000357627869,979.3251953125,0.3079882860183716,401.1040344238281,0.17693746089935303,550.5355224609375,0.6958594918251038,3.058330535888672,8192.0,32768.0,None,0.001,1.3978140354156494,11.151163578033447,1.0
MNIST,poly_sketch,10.0,0.5,countsketch_scatter,0.0,0.0,1.0,0.0,0.0,9.027409553527832,1.4142135381698608,0.024000000208616257,0.08281993120908737,0.09000000357627869,936.2821044921875,0.29445165395736694,315.3718566894531,0.1391187608242035,540.2035522460938,0.7046859860420227,2.8805673122406006,8192.0,32768.0,None,0.001,2.5358617305755615,11.144510269165039,1.0
MNIST,srf,10.0,0.5,gaussian,0.0,0.0,0.0,0.0,0.0,9.027409553527832,1.4142135381698608,0.019999999552965164,0.07011914253234863,0.09000000357627869,641.1635131835938,0.20163972675800323,535.822265625,0.2363651841878891,143.8115234375,0.2571914494037628,0.31102266907691956,16384.0,32768.0,None,0.001,0.26865053176879883,44.30816626548767,1.0
MNIST,poly_sketch,10.0,0.5,gaussian,0.0,0.0,0.0,0.0,0.0,9.027409553527832,1.4142135381698608,0.04349999874830246,0.13965371251106262,0.09000000357627869,58990.53515625,18.551952362060547,58193.3046875,25.67058563232422,2358.055908203125,1.9292689561843872,13.06383991241455,16384.0,32768.0,None,0.001,3.114201784133911,44.5188148021698,1.0
MNIST,poly_sketch,10.0,0.5,gaussian,0.0,1.0,0.0,0.0,0.0,9.027409553527832,1.4142135381698608,0.026999998837709427,0.08697598427534103,0.09000000357627869,4172.1416015625,1.3120981454849243,3209.27392578125,1.4156944751739502,952.5643920898438,1.0074867010116577,6.00812292098999,16384.0,32768.0,None,0.001,5.666332006454468,44.44270133972168,1.0
MNIST,poly_sketch,10.0,0.5,rademacher,0.0,0.0,0.0,0.0,0.0,9.027409553527832,1.4142135381698608,0.029600000008940697,0.10078156739473343,0.09000000357627869,3937.528564453125,1.2383146286010742,2806.58837890625,1.238059401512146,1213.4400634765625,1.1310441493988037,7.571463584899902,16384.0,32768.0,None,0.001,3.127974033355713,44.56850624084473,1.0
MNIST,poly_sketch,10.0,0.5,rademacher,0.0,1.0,0.0,0.0,0.0,9.027409553527832,1.4142135381698608,0.020899999886751175,0.07556972652673721,0.09000000357627869,3458.787353515625,1.0877552032470703,2447.51806640625,1.0796641111373901,512.28564453125,0.6513951420783997,2.7455801963806152,16384.0,32768.0,None,0.001,5.665492296218872,44.462111949920654,1.0
MNIST,poly_sketch,10.0,0.5,srht,0.0,0.0,0.0,1.0,0.0,9.027409553527832,1.4142135381698608,0.02979999966919422,0.09509878605604172,0.09000000357627869,3240.842529296875,1.0192136764526367,2239.81201171875,0.988039493560791,1241.84228515625,1.155070185661316,7.613507270812988,16384.0,32768.0,None,0.001,0.5774590969085693,44.50850057601929,1.0
MNIST,poly_sketch,10.0,0.5,srht,0.0,1.0,0.0,1.0,0.0,9.027409553527832,1.4142135381698608,0.02159999869763851,0.07720674574375153,0.09000000357627869,1253.4888916015625,0.3942101299762726,550.8873291015625,0.2430107742547989,510.337890625,0.6329972147941589,2.904139280319214,16384.0,32768.0,None,0.001,0.6659727096557617,44.43827414512634,1.0
MNIST,poly_sketch,10.0,0.5,countsketch_scatter,0.0,0.0,0.0,0.0,0.0,9.027409553527832,1.4142135381698608,0.021699998527765274,0.07715138047933578,0.09000000357627869,1239.558349609375,0.3898290991783142,662.5827026367188,0.2922825217247009,524.3681030273438,0.6390597224235535,3.0173799991607666,16384.0,32768.0,None,0.001,1.1064844131469727,44.51007843017578,1.0
MNIST,srf,10.0,0.5,gaussian,0.0,0.0,1.0,0.0,0.0,9.027409553527832,1.4142135381698608,0.020899999886751175,0.06972868740558624,0.09000000357627869,630.6771240234375,0.19834186136722565,524.6812133789062,0.23145057260990143,141.5990447998047,0.2536272704601288,0.3093108832836151,16384.0,32768.0,None,0.001,0.8408446311950684,44.47698402404785,1.0
MNIST,poly_sketch,10.0,0.5,srht,0.0,0.0,1.0,1.0,0.0,9.027409553527832,1.4142135381698608,0.024399999529123306,0.08395766466856003,0.09000000357627869,2800.919189453125,0.8808619976043701,2099.580322265625,0.9261796474456787,836.1826171875,0.8357791900634766,5.396434307098389,16384.0,32768.0,None,0.001,1.4007539749145508,44.444739818573,1.0
MNIST,poly_sketch,10.0,0.5,srht,0.0,1.0,1.0,1.0,0.0,9.027409553527832,1.4142135381698608,0.02019999921321869,0.07428056746721268,0.09000000357627869,857.6008911132812,0.26970717310905457,306.7260437011719,0.13530485332012177,372.433837890625,0.5027053952217102,1.912142038345337,16384.0,32768.0,None,0.001,1.448643684387207,44.45805811882019,1.0
MNIST,poly_sketch,10.0,0.5,countsketch_scatter,0.0,0.0,1.0,0.0,0.0,9.027409553527832,1.4142135381698608,0.020499998703598976,0.07269510626792908,0.09000000357627869,925.10205078125,0.2909356355667114,367.59326171875,0.16215497255325317,359.1209411621094,0.49211248755455017,1.7784045934677124,16384.0,32768.0,None,0.001,2.5850436687469482,44.61444878578186,1.0
MNIST,srf,10.0,0.5,gaussian,0.0,0.0,0.0,0.0,0.0,9.027409553527832,1.4142135381698608,0.10159999877214432,0.31922006607055664,0.09000000357627869,2043.26416015625,0.6488752365112305,745.777099609375,0.333909273147583,5955.0244140625,4.621598243713379,21.528018951416016,512.0,32768.0,None,0.001,0.016465187072753906,0.09580230712890625,2.0
MNIST,poly_sketch,10.0,0.5,gaussian,0.0,0.0,0.0,0.0,0.0,9.027409553527832,1.4142135381698608,0.33069998025894165,1.2456705570220947,0.09000000357627869,15609.3720703125,4.95703649520874,12888.9326171875,5.7708048820495605,11227.2666015625,9.022451400756836,24.075721740722656,512.0,32768.0,None,0.001,0.1097249984741211,0.09777474403381348,2.0
MNIST,poly_sketch,10.0,0.5,gaussian,0.0,1.0,0.0,0.0,0.0,9.027409553527832,1.4142135381698608,0.18039999902248383,0.6096086502075195,0.09000000357627869,6911.28759765625,2.1948037147521973,3537.387939453125,1.5838066339492798,8362.314453125,6.717528343200684,23.085546493530273,512.0,32768.0,None,0.001,0.2071242332458496,0.09734869003295898,2.0
MNIST,poly_sketch,10.0,0.5,rademacher,0.0,0.0,0.0,0.0,0.0,9.027409553527832,1.4142135381698608,0.23389999568462372,0.8264554738998413,0.09000000357627869,15621.515625,4.960893154144287,10354.17578125,4.6359100341796875,9811.06640625,8.385677337646484,23.21637535095215,512.0,32768.0,None,0.001,0.10975980758666992,0.09781575202941895,2.0
MNIST,poly_sketch,10.0,0.5,rademacher,0.0,1.0,0.0,0.0,0.0,9.027409553527832,1.4142135381698608,0.15219999849796295,0.5021166801452637,0.09000000357627869,6833.5380859375,2.1701128482818604,4125.36328125,1.8470627069473267,7429.09716796875,6.101226329803467,22.311994552612305,512.0,32768.0,None,0.001,0.20704960823059082,0.10295319557189941,2.0
MNIST,poly_sketch,10.0,0.5,srht,0.0,0.0,0.0,1.0,0.0,9.027409553527832,1.4142135381698608,0.2361999899148941,0.8400014638900757,0.09000000357627869,6168.68115234375,1.9589755535125732,3236.76220703125,1.4492064714431763,9671.599609375,8.150443077087402,23.378263473510742,512.0,32768.0,None,0.001,0.06384468078613281,0.09782195091247559,2.0
MNIST,poly_sketch,10.0,0.5,srht,0.0,1.0,0.0,1.0,0.0,9.027409553527832,1.4142135381698608,0.1468999981880188,0.48883602023124695,0.09000000357627869,30372.744140625,9.645410537719727,24077.2578125,10.780191421508789,7292.66748046875,5.830291271209717,22.291358947753906,512.0,32768.0,None,0.001,0.16644072532653809,0.09662270545959473,2.0
MNIST,poly_sketch,10.0,0.5,countsketch_scatter,0.0,0.0,0.0,0.0,0.0,9.027409553527832,1.4142135381698608,0.15539999306201935,0.5188888311386108,0.09000000357627869,6566.96630859375,2.085458278656006,4075.637451171875,1.824798822402954,7518.36865234375,6.020819187164307,22.42947006225586,512.0,32768.0,None,0.001,0.07573127746582031,0.0986626148223877,2.0
MNIST,srf,10.0,0.5,gaussian,0.0,0.0,1.0,0.0,0.0,9.027409553527832,1.4142135381698608,0.10489999502897263,0.34380120038986206,0.09000000357627869,2105.083251953125,0.6685070395469666,932.6881713867188,0.41759559512138367,5951.06591796875,4.657139301300049,21.52765464782715,512.0,32768.0,None,0.001,0.7100143432617188,0.10201716423034668,2.0
MNIST,poly_sketch,10.0,0.5,srht,0.0,0.0,1.0,1.0,0.0,9.027409553527832,1.4142135381698608,0.11099999397993088,0.3677993714809418,0.09000000357627869,2690.34375,0.8543670177459717,937.2953491210938,0.4196583926677704,6314.28466796875,5.098695278167725,21.568988800048828,512.0,32768.0,None,0.001,1.2762653827667236,0.09972929954528809,2.0
MNIST,poly_sketch,10.0,0.5,srht,0.0,1.0,1.0,1.0,0.0,9.027409553527832,1.4142135381698608,0.1006999984383583,0.32815873622894287,0.09000000357627869,2097.4970703125,0.66609787940979,594.2318725585938,0.26605743169784546,6034.71044921875,4.745752811431885,21.5174503326416,512.0,32768.0,None,0.001,1.3269858360290527,0.09935784339904785,2.0
MNIST,poly_sketch,10.0,0.5,countsketch_scatter,0.0,0.0,1.0,0.0,0.0,9.027409553527832,1.4142135381698608,0.10040000081062317,0.3294956088066101,0.09000000357627869,2227.734619140625,0.7074571847915649,626.4806518554688,0.2804962992668152,5960.45947265625,4.62442684173584,21.515222549438477,512.0,32768.0,None,0.001,2.4521186351776123,0.10088205337524414,2.0
MNIST,srf,10.0,0.5,gaussian,0.0,0.0,0.0,0.0,0.0,9.027409553527832,1.4142135381698608,0.06909999996423721,0.22024977207183838,0.09000000357627869,1461.1151123046875,0.4640033543109894,553.9511108398438,0.2480223923921585,3663.87158203125,3.366084337234497,16.760377883911133,1024.0,32768.0,None,0.001,0.0221254825592041,0.24520134925842285,2.0
MNIST,poly_sketch,10.0,0.5,gaussian,0.0,0.0,0.0,0.0,0.0,9.027409553527832,1.4142135381698608,0.21400000154972076,0.7607246041297913,0.09000000357627869,17462.69921875,5.545594215393066,15962.828125,7.147090911865234,8961.8154296875,7.7602128982543945,22.70998191833496,1024.0,32768.0,None,0.001,0.20247554779052734,0.2561001777648926,2.0
MNIST,poly_sketch,10.0,0.5,gaussian,0.0,1.0,0.0,0.0,0.0,9.027409553527832,1.4142135381698608,0.12610000371932983,0.4172005355358124,0.09000000357627869,11690.4716796875,3.712519407272339,7730.12939453125,3.4610369205474854,6158.66162109375,4.955698013305664,21.195419311523438,1024.0,32768.0,None,0.001,0.39159059524536133,0.25282883644104004,2.0
MNIST,poly_sketch,10.0,0.5,rademacher,0.0,0.0,0.0,0.0,0.0,9.027409553527832,1.4142135381698608,0.1542000025510788,0.5511762499809265,0.09000000357627869,5549.25732421875,1.7622663974761963,3653.17138671875,1.6356467008590698,7205.17822265625,6.19310998916626,21.26561164855957,1024.0,32768.0,None,0.001,0.20256495475769043,0.24999475479125977,2.0
MNIST,poly_sketch,10.0,0.5,rademacher,0.0,1.0,0.0,0.0,0.0,9.027409553527832,1.4142135381698608,0.09139999747276306,0.2995303273200989,0.09000000357627869,2654.339599609375,0.8429332375526428,1076.455078125,0.4819648563861847,4979.52783203125,4.014581680297852,19.5566349029541,1024.0,32768.0,None,0.001,0.3916361331939697,0.2535688877105713,2.0
MNIST,poly_sketch,10.0,0.5,srht,0.0,0.0,0.0,1.0,0.0,9.027409553527832,1.4142135381698608,0.14880000054836273,0.5216253995895386,0.09000000357627869,6492.62451171875,2.061849594116211,3401.07470703125,1.522774577140808,7008.03271484375,5.79683256149292,21.472463607788086,1024.0,32768.0,None,0.001,0.07805109024047852,0.24530911445617676,2.0
MNIST,poly_sketch,10.0,0.5,srht,0.0,1.0,0.0,1.0,0.0,9.027409553527832,1.4142135381698608,0.08889999985694885,0.2998913526535034,0.09000000357627869,3053.127685546875,0.9695755839347839,1025.1732177734375,0.4590042531490326,4969.3759765625,4.067175388336182,19.404468536376953,1024.0,32768.0,None,0.001,0.19016313552856445,0.24517345428466797,2.0
MNIST,poly_sketch,10.0,0.5,countsketch_scatter,0.0,0.0,0.0,0.0,0.0,9.027409553527832,1.4142135381698608,0.09269999712705612,0.2941335439682007,0.09000000357627869,6895.72412109375,2.1898610591888428,5304.7080078125,2.3750946521759033,4956.015625,3.9962098598480225,19.486209869384766,1024.0,32768.0,None,0.001,0.10948324203491211,0.24558186531066895,2.0
MNIST,srf,10.0,0.5,gaussian,0.0,0.0,1.0,0.0,0.0,9.027409553527832,1.4142135381698608,0.06539999693632126,0.20544667541980743,0.09000000357627869,1476.2940673828125,0.46882373094558716,601.48974609375,0.269307017326355,3659.452880859375,3.369476079940796,16.756267547607422,1024.0,32768.0,None,0.001,0.717381477355957,0.24744319915771484,2.0
MNIST,poly_sketch,10.0,0.5,srht,0.0,0.0,1.0,1.0,0.0,9.027409553527832,1.4142135381698608,0.07429999858140945,0.2472543567419052,0.09000000357627869,1990.516845703125,0.6321244239807129,754.2620239257812,0.3377082645893097,4045.607177734375,3.6298789978027344,17.34514808654785,1024.0,32768.0,None,0.001,1.284306287765503,0.2538583278656006,2.0
MNIST,poly_sketch,10.0,0.5,srht,0.0,1.0,1.0,1.0,0.0,9.027409553527832,1.4142135381698608,0.06369999796152115,0.20620697736740112,0.09000000357627869,1620.931640625,0.5147559642791748,455.0773620605469,0.20375332236289978,3689.29296875,3.324310302734375,16.868783950805664,1024.0,32768.0,None,0.001,1.3366098403930664,0.24764037132263184,2.0
MNIST,poly_sketch,10.0,0.5,countsketch_scatter,0.0,0.0,1.0,0.0,0.0,9.027409553527832,1.4142135381698608,0.06790000200271606,0.21548359096050262,0.09000000357627869,1650.7681884765625,0.5242311358451843,438.3082580566406,0.1962452232837677,3710.075927734375,3.3498892784118652,16.883907318115234,1024.0,32768.0,None,0.001,2.4627699851989746,0.2462308406829834,2.0
MNIST,srf,10.0,0.5,gaussian,0.0,0.0,0.0,0.0,0.0,9.027409553527832,1.4142135381698608,0.04490000009536743,0.14593082666397095,0.09000000357627869,1086.786865234375,0.34512871503829956,516.7786254882812,0.23137903213500977,1840.666015625,2.0606935024261475,9.85780143737793,2048.0,32768.0,None,0.001,0.037728309631347656,0.9608347415924072,2.0
MNIST,poly_sketch,10.0,0.5,gaussian,0.0,0.0,0.0,0.0,0.0,9.027409553527832,1.4142135381698608,0.14720000326633453,0.5168212056159973,0.09000000357627869,9493.794921875,3.014925241470337,8215.9423828125,3.678551435470581,6681.140625,5.701871871948242,21.08405876159668,2048.0,32768.0,None,0.001,0.4010031223297119,0.9617576599121094,2.0
MNIST,poly_sketch,10.0,0.5,gaussian,0.0,1.0,0.0,0.0,0.0,9.027409553527832,1.4142135381698608,0.07849999517202377,0.25236445665359497,0.09000000357627869,3117.53564453125,0.9900294542312622,1146.4639892578125,0.5133101940155029,4035.552734375,3.3910670280456543,17.706518173217773,2048.0,32768.0,None,0.001,0.7336149215698242,0.9614858627319336,2.0
MNIST,poly_sketch,10.0,0.5,rademacher,0.0,0.0,0.0,0.0,0.0,9.027409553527832,1.4142135381698608,0.08789999783039093,0.308307945728302,0.09000000357627869,5679.46923828125,1.8036175966262817,3264.636962890625,1.4616868495941162,4828.3505859375,4.089256763458252,18.439533233642578,2048.0,32768.0,None,0.001,0.4011497497558594,0.9702787399291992,2.0
MNIST,poly_sketch,10.0,0.5,rademacher,0.0,1.0,0.0,0.0,0.0,9.027409553527832,1.4142135381698608,0.057499997317790985,0.1927105337381363,0.09000000357627869,2439.89208984375,0.7748315930366516,841.9713745117188,0.37697866559028625,3180.865234375,2.727085590362549,15.43536376953125,2048.0,32768.0,None,0.001,0.7339050769805908,0.9434640407562256,2.0
MNIST,poly_sketch,10.0,0.5,srht,0.0,0.0,0.0,1.0,0.0,9.027409553527832,1.4142135381698608,0.09369999915361404,0.32574862241744995,0.09000000357627869,5034.49560546875,1.5987945795059204,2903.691650390625,1.300079584121704,4884.45849609375,4.093742370605469,18.607967376708984,2048.0,32768.0,None,0.001,0.10984945297241211,0.9725849628448486,2.0
MNIST,poly_sketch,10.0,0.5,srht,0.0,1.0,0.0,1.0,0.0,9.027409553527832,1.4142135381698608,0.06189999729394913,0.19668960571289062,0.09000000357627869,2973.6748046875,0.9443438649177551,1236.6221923828125,0.5536770224571228,3116.74462890625,2.684600591659546,15.284749984741211,2048.0,32768.0,None,0.001,0.22414636611938477,0.9696211814880371,2.0
MNIST,poly_sketch,10.0,0.5,countsketch_scatter,0.0,0.0,0.0,0.0,0.0,9.027409553527832,1.4142135381698608,0.058399997651576996,0.18960075080394745,0.09000000357627869,3591.524658203125,1.1405532360076904,1787.97216796875,0.8005347847938538,3091.373779296875,2.651033639907837,15.198616981506348,2048.0,32768.0,None,0.001,0.18466997146606445,0.9704055786132812,2.0
MNIST,srf,10.0,0.5,gaussian,0.0,0.0,1.0,0.0,0.0,9.027409553527832,1.4142135381698608,0.048499997705221176,0.15282504260540009,0.09000000357627869,1143.7247314453125,0.3632103502750397,635.967041015625,0.28474366664886475,1854.9202880859375,2.08178973197937,9.836129188537598,2048.0,32768.0,None,0.001,0.7307114601135254,0.9751818180084229,2.0
MNIST,poly_sketch,10.0,0.5,srht,0.0,0.0,1.0,1.0,0.0,9.027409553527832,1.4142135381698608,0.04899999871850014,0.15920285880565643,0.09000000357627869,8567.7705078125,2.7208495140075684,7918.31591796875,3.5452942848205566,2292.765869140625,2.1993484497070312,12.173179626464844,2048.0,32768.0,None,0.001,1.2976622581481934,0.9683094024658203,2.0
MNIST,poly_sketch,10.0,0.5,srht,0.0,1.0,1.0,1.0,0.0,9.027409553527832,1.4142135381698608,0.04800000041723251,0.15272340178489685,0.09000000357627869,1170.6103515625,0.3717483580112457,369.02471923828125,0.16522467136383057,1988.2596435546875,2.076021432876587,10.763132095336914,2048.0,32768.0,None,0.001,1.3479571342468262,0.9567744731903076,2.0
MNIST,poly_sketch,10.0,0.5,countsketch_scatter,0.0,0.0,1.0,0.0,0.0,9.027409553527832,1.4142135381698608,0.044999998062849045,0.1423775851726532,0.09000000357627869,1249.2042236328125,0.3967072665691376,382.4765625,0.17124751210212708,1967.8228759765625,2.054032802581787,10.66908073425293,2048.0,32768.0,None,0.001,2.477693557739258,0.9645571708679199,2.0
MNIST,srf,10.0,0.5,gaussian,0.0,0.0,0.0,0.0,0.0,9.027409553527832,1.4142135381698608,0.03350000083446503,0.10829100012779236,0.09000000357627869,931.61474609375,0.2958510220050812,643.968994140625,0.2883264124393463,800.50439453125,1.091489553451538,4.083168029785156,4096.0,32768.0,None,0.001,0.07044124603271484,3.0182085037231445,2.0
MNIST,poly_sketch,10.0,0.5,gaussian,0.0,0.0,0.0,0.0,0.0,9.027409553527832,1.4142135381698608,0.09529999643564224,0.3148532211780548,0.09000000357627869,8847.919921875,2.8098161220550537,6053.44189453125,2.7103278636932373,4986.58984375,4.11380672454834,19.084142684936523,4096.0,32768.0,None,0.001,0.7997457981109619,3.010483980178833,2.0
MNIST,poly_sketch,10.0,0.5,gaussian,0.0,1.0,0.0,0.0,0.0,9.027409553527832,1.4142135381698608,0.054099999368190765,0.16973109543323517,0.09000000357627869,34490.4765625,10.953070640563965,30336.7421875,13.582771301269531,2696.858642578125,2.282639741897583,14.405801773071289,4096.0,32768.0,None,0.001,1.4438741207122803,3.0187902450561523,2.0
MNIST,poly_sketch,10.0,0.5,rademacher,0.0,0.0,0.0,0.0,0.0,9.027409553527832,1.4142135381698608,0.05929999798536301,0.19640524685382843,0.09000000357627869,3440.070068359375,1.0924561023712158,1607.3680419921875,0.7196723222732544,3173.4541015625,2.6962709426879883,14.836784362792969,4096.0,32768.0,None,0.001,0.7999024391174316,3.0226001739501953,2.0
MNIST,poly_sketch,10.0,0.5,rademacher,0.0,1.0,0.0,0.0,0.0,9.027409553527832,1.4142135381698608,0.0405999980866909,0.13224726915359497,0.09000000357627869,2363.38818359375,0.7505363821983337,1137.6422119140625,0.5093603730201721,1883.589111328125,1.7202367782592773,10.881195068359375,4096.0,32768.0,None,0.001,1.4440059661865234,3.0191965103149414,2.0
MNIST,poly_sketch,10.0,0.5,srht,0.0,0.0,0.0,1.0,0.0,9.027409553527832,1.4142135381698608,0.061799999326467514,0.20513802766799927,0.09000000357627869,3783.43505859375,1.2014977931976318,2538.918212890625,1.1367583274841309,3317.65087890625,2.890484571456909,15.229294776916504,4096.0,32768.0,None,0.001,0.17374062538146973,3.018611192703247,2.0
MNIST,poly_sketch,10.0,0.5,srht,0.0,1.0,0.0,1.0,0.0,9.027409553527832,1.4142135381698608,0.03959999978542328,0.13135561347007751,0.09000000357627869,2348.7275390625,0.745880663394928,1446.3876953125,0.647596001625061,1760.8355712890625,1.6542177200317383,10.302529335021973,4096.0,32768.0,None,0.001,0.28275346755981445,3.014237642288208,2.0
MNIST,poly_sketch,10.0,0.5,countsketch_scatter,0.0,0.0,0.0,0.0,0.0,9.027409553527832,1.4142135381698608,0.039400000125169754,0.1317242830991745,0.09000000357627869,1996.54345703125,0.6340382695198059,697.3548583984375,0.3122290372848511,1846.0814208984375,1.6837865114212036,10.7886323928833,4096.0,32768.0,None,0.001,0.33174753189086914,3.018979787826538,2.0
MNIST,srf,10.0,0.5,gaussian,0.0,0.0,1.0,0.0,0.0,9.027409553527832,1.4142135381698608,0.032899998128414154,0.10915608704090118,0.09000000357627869,821.1890869140625,0.2607833445072174,463.9208679199219,0.20771284401416779,789.3863525390625,1.0788443088531494,4.038035869598389,4096.0,32768.0,None,0.001,0.7533328533172607,3.02018666267395,2.0
MNIST,poly_sketch,10.0,0.5,srht,0.0,0.0,1.0,1.0,0.0,9.027409553527832,1.4142135381698608,0.037699997425079346,0.12147881835699081,0.09000000357627869,3758.90234375,1.19370698928833,2308.20166015625,1.0334588289260864,1433.6304931640625,1.4823592901229858,8.401154518127441,4096.0,32768.0,None,0.001,1.3182663917541504,3.0249686241149902,2.0
MNIST,poly_sketch,10.0,0.5,srht,0.0,1.0,1.0,1.0,0.0,9.027409553527832,1.4142135381698608,0.03269999846816063,0.10669157654047012,0.09000000357627869,1105.1466064453125,0.3509591817855835,484.8921203613281,0.21710237860679626,966.2406616210938,1.1571673154830933,5.524086952209473,4096.0,32768.0,None,0.001,1.3691656589508057,3.013615846633911,2.0
MNIST,poly_sketch,10.0,0.5,countsketch_scatter,0.0,0.0,1.0,0.0,0.0,9.027409553527832,1.4142135381698608,0.032999999821186066,0.10249315947294235,0.09000000357627869,1027.9915771484375,0.3264572024345398,306.6637878417969,0.13730360567569733,995.3651733398438,1.192331075668335,5.618951797485352,4096.0,32768.0,None,0.001,2.502145528793335,3.0126490592956543,2.0
MNIST,srf,10.0,0.5,gaussian,0.0,0.0,0.0,0.0,0.0,9.027409553527832,1.4142135381698608,0.025299999862909317,0.08524059504270554,0.09000000357627869,779.116943359375,0.24742259085178375,611.4241333007812,0.2737549841403961,327.43817138671875,0.5242607593536377,1.2563557624816895,8192.0,32768.0,None,0.001,0.13646769523620605,11.146554470062256,2.0
MNIST,poly_sketch,10.0,0.5,gaussian,0.0,0.0,0.0,0.0,0.0,9.027409553527832,1.4142135381698608,0.05859999731183052,0.19860641658306122,0.09000000357627869,4170.6923828125,1.3244783878326416,1735.1702880859375,0.7768936157226562,3470.677490234375,2.9295942783355713,16.434612274169922,8192.0,32768.0,None,0.001,1.5540015697479248,11.157791376113892,2.0
MNIST,poly_sketch,10.0,0.5,gaussian,0.0,1.0,0.0,0.0,0.0,9.027409553527832,1.4142135381698608,0.03629999980330467,0.11964090168476105,0.09000000357627869,1975.457763671875,0.6273421049118042,733.7976684570312,0.3285456895828247,1599.0623779296875,1.48606538772583,9.835062026977539,8192.0,32768.0,None,0.001,2.8492624759674072,11.158782005310059,2.0
MNIST,poly_sketch,10.0,0.5,rademacher,0.0,0.0,0.0,0.0,0.0,9.027409553527832,1.4142135381698608,0.04039999842643738,0.13057070970535278,0.09000000357627869,4093.764892578125,1.300048589706421,2465.060302734375,1.1036897897720337,1985.7347412109375,1.8092563152313232,10.853147506713867,8192.0,32768.0,None,0.001,1.5544073581695557,11.16082215309143,2.0
MNIST,poly_sketch,10.0,0.5,rademacher,0.0,1.0,0.0,0.0,0.0,9.027409553527832,1.4142135381698608,0.026499999687075615,0.08914489299058914,0.09000000357627869,1665.18017578125,0.5288078784942627,677.9308471679688,0.3035322427749634,994.359375,1.081202745437622,6.0157060623168945,8192.0,32768.0,None,0.001,2.848437786102295,11.155248165130615,2.0
MNIST,poly_sketch,10.0,0.5,srht,0.0,0.0,0.0,1.0,0.0,9.027409553527832,1.4142135381698608,0.04189999774098396,0.13650624454021454,0.09000000357627869,4845.70654296875,1.5388412475585938,3109.973388671875,1.3924388885498047,2102.21875,1.8508051633834839,11.657449722290039,8192.0,32768.0,None,0.001,0.3059406280517578,11.176788330078125,2.0
MNIST,poly_sketch,10.0,0.5,srht,0.0,1.0,0.0,1.0,0.0,9.027409553527832,1.4142135381698608,0.02929999865591526,0.09318941086530685,0.09000000357627869,1552.2576904296875,0.4929473400115967,648.86767578125,0.29051971435546875,1025.7242431640625,1.0781625509262085,6.284626007080078,8192.0,32768.0,None,0.001,0.40874195098876953,11.157886266708374,2.0
MNIST,poly_sketch,10.0,0.5,countsketch_scatter,0.0,0.0,0.0,0.0,0.0,9.027409553527832,1.4142135381698608,0.027799999341368675,0.0965026244521141,0.09000000357627869,2749.307373046875,0.873091995716095,1883.2734375,0.8432043194770813,1024.7216796875,1.1071771383285522,6.162294864654541,8192.0,32768.0,None,0.001,0.6048669815063477,11.16080379486084,2.0
MNIST,srf,10.0,0.5,gaussian,0.0,0.0,1.0,0.0,0.0,9.027409553527832,1.4142135381698608,0.023799998685717583,0.08292841911315918,0.09000000357627869,714.4210815429688,0.22687725722789764,526.3823852539062,0.23567895591259003,331.3848571777344,0.5393340587615967,1.2300103902816772,8192.0,32768.0,None,0.001,0.7893562316894531,11.146541357040405,2.0
MNIST,poly_sketch,10.0,0.5,srht,0.0,0.0,1.0,1.0,0.0,9.027409553527832,1.4142135381698608,0.028199998661875725,0.09343893826007843,0.09000000357627869,1963.5537109375,0.6235617995262146,1048.366943359375,0.46938884258270264,1015.6091918945312,1.04175865650177,6.32611608505249,8192.0,32768.0,None,0.001,1.3561725616455078,11.14248251914978,2.0
MNIST,poly_sketch,10.0,0.5,srht,0.0,1.0,1.0,1.0,0.0,9.027409553527832,1.4142135381698608,0.02499999850988388,0.08269452303647995,0.09000000357627869,953.0015258789062,0.3026427626609802,368.16259765625,0.16483867168426514,557.5576171875,0.7149132490158081,3.0642683506011963,8192.0,32768.0,None,0.001,1.408609390258789,11.147287845611572,2.0
MNIST,poly_sketch,10.0,0.5,countsketch_scatter,0.0,0.0,1.0,0.0,0.0,9.027409553527832,1.4142135381698608,0.024000000208616257,0.07970589399337769,0.09000000357627869,1098.902099609375,0.34897610545158386,438.2230224609375,0.19620706140995026,557.4873046875,0.7179084420204163,3.059201240539551,8192.0,32768.0,None,0.001,2.5377211570739746,11.147642850875854,2.0
MNIST,srf,10.0,0.5,gaussian,0.0,0.0,0.0,0.0,0.0,9.027409553527832,1.4142135381698608,0.019600000232458115,0.07085549086332321,0.09000000357627869,612.717041015625,0.19457930326461792,502.76483154296875,0.22510458528995514,142.81204223632812,0.25757211446762085,0.31057053804397583,16384.0,32768.0,None,0.001,0.26534414291381836,44.458401679992676,2.0
MNIST,poly_sketch,10.0,0.5,gaussian,0.0,0.0,0.0,0.0,0.0,9.027409553527832,1.4142135381698608,0.04259999841451645,0.14012397825717926,0.09000000357627869,3782.73583984375,1.2012757062911987,2230.156982421875,0.9985156655311584,2375.5947265625,1.9760860204696655,13.160700798034668,16384.0,32768.0,None,0.001,3.101501226425171,44.47060942649841,2.0
MNIST,poly_sketch,10.0,0.5,gaussian,0.0,1.0,0.0,0.0,0.0,9.027409553527832,1.4142135381698608,0.02719999849796295,0.08829516917467117,0.09000000357627869,1827.5272216796875,0.5803641080856323,669.7212524414062,0.2998565435409546,974.4216918945312,1.0033276081085205,6.3740973472595215,16384.0,32768.0,None,0.001,5.66130518913269,44.4478018283844,2.0
MNIST,poly_sketch,10.0,0.5,rademacher,0.0,0.0,0.0,0.0,0.0,9.027409553527832,1.4142135381698608,0.028199998661875725,0.0957164391875267,0.09000000357627869,3237.55029296875,1.0281423330307007,1771.555419921875,0.7931844592094421,1278.8623046875,1.1926000118255615,7.894931793212891,16384.0,32768.0,None,0.001,3.1147513389587402,44.55764198303223,2.0
MNIST,poly_sketch,10.0,0.5,rademacher,0.0,1.0,0.0,0.0,0.0,9.027409553527832,1.4142135381698608,0.023099999874830246,0.07439317554235458,0.09000000357627869,1513.376708984375,0.480599969625473,809.8987426757812,0.36261868476867676,528.5065307617188,0.6629775762557983,2.983189582824707,16384.0,32768.0,None,0.001,5.662037372589111,44.42145276069641,2.0
MNIST,poly_sketch,10.0,0.5,srht,0.0,0.0,0.0,1.0,0.0,9.027409553527832,1.4142135381698608,0.02969999983906746,0.09801546484231949,0.09000000357627869,1937.46484375,0.6152768135070801,732.7026977539062,0.3280554413795471,1265.6597900390625,1.1687703132629395,7.888177871704102,16384.0,32768.0,None,0.001,0.5750181674957275,44.45844221115112,2.0
MNIST,poly_sketch,10.0,0.5,srht,0.0,1.0,0.0,1.0,0.0,9.027409553527832,1.4142135381698608,0.0210999995470047,0.07731369137763977,0.09000000357627869,1499.5457763671875,0.4762077033519745,804.5623779296875,0.36022940278053284,553.3717041015625,0.6655678153038025,3.2235817909240723,16384.0,32768.0,None,0.001,0.6648373603820801,44.410175800323486,2.0
MNIST,poly_sketch,10.0,0.5,countsketch_scatter,0.0,0.0,0.0,0.0,0.0,9.027409553527832,1.4142135381698608,0.023499999195337296,0.07795578241348267,0.09000000357627869,972.4339599609375,0.3088138699531555,453.2168884277344,0.2029203176498413,544.4130249023438,0.6497059464454651,3.2361581325531006,16384.0,32768.0,None,0.001,1.1053354740142822,44.318496227264404,2.0
MNIST,srf,10.0,0.5,gaussian,0.0,0.0,1.0,0.0,0.0,9.027409553527832,1.4142135381698608,0.019700000062584877,0.06950335204601288,0.09000000357627869,655.8976440429688,0.20829208195209503,555.815673828125,0.24885721504688263,145.18896484375,0.26012831926345825,0.3179984986782074,16384.0,32768.0,None,0.001,0.836916446685791,44.3850839138031,2.0
MNIST,poly_sketch,10.0,0.5,srht,0.0,0.0,1.0,1.0,0.0,9.027409553527832,1.4142135381698608,0.026200000196695328,0.08750034868717194,0.09000000357627869,1997.04833984375,0.6341986060142517,929.240966796875,0.4160521924495697,845.5908203125,0.8549299836158752,5.407646179199219,16384.0,32768.0,None,0.001,1.401249885559082,44.291666984558105,2.0
MNIST,poly_sketch,10.0,0.5,srht,0.0,1.0,1.0,1.0,0.0,9.027409553527832,1.4142135381698608,0.020399998873472214,0.07214393466711044,0.09000000357627869,833.2891235351562,0.2646259367465973,267.8169250488281,0.1199105754494667,368.91424560546875,0.5073391199111938,1.8711755275726318,16384.0,32768.0,None,0.001,1.4519765377044678,44.37244129180908,2.0
MNIST,poly_sketch,10.0,0.5,countsketch_scatter,0.0,0.0,1.0,0.0,0.0,9.027409553527832,1.4142135381698608,0.02149999886751175,0.07390199601650238,0.09000000357627869,1000.3465576171875,0.3176780343055725,455.94732666015625,0.20414282381534576,376.0211486816406,0.5084523558616638,1.9264905452728271,16384.0,32768.0,None,0.001,2.5876383781433105,44.5468864440918,2.0
MNIST,srf,10.0,0.5,gaussian,0.0,0.0,0.0,0.0,0.0,9.027409553527832,1.4142135381698608,0.09719999879598618,0.3144206702709198,0.09000000357627869,2078.59765625,0.6514967083930969,889.8732299804688,0.39131349325180054,5900.96826171875,4.5101752281188965,21.255931854248047,512.0,32768.0,None,0.001,0.014801740646362305,0.10082817077636719,3.0
MNIST,poly_sketch,10.0,0.5,gaussian,0.0,0.0,0.0,0.0,0.0,9.027409553527832,1.4142135381698608,0.34129998087882996,1.2978734970092773,0.09000000357627869,20650.900390625,6.472630023956299,19989.966796875,8.79040241241455,11617.7158203125,9.52811050415039,23.809934616088867,512.0,32768.0,None,0.001,0.11028361320495605,0.10086750984191895,3.0
MNIST,poly_sketch,10.0,0.5,gaussian,0.0,1.0,0.0,0.0,0.0,9.027409553527832,1.4142135381698608,0.19219999015331268,0.6673047542572021,0.09000000357627869,3777.7783203125,1.1840723752975464,1801.1903076171875,0.792056679725647,8529.716796875,6.930102348327637,22.811616897583008,512.0,32768.0,None,0.001,0.20713114738464355,0.10328555107116699,3.0
MNIST,poly_sketch,10.0,0.5,rademacher,0.0,0.0,0.0,0.0,0.0,9.027409553527832,1.4142135381698608,0.23669999837875366,0.8519154191017151,0.09000000357627869,8294.115234375,2.5996317863464355,4580.02880859375,2.0140252113342285,9662.4580078125,8.284577369689941,22.759418487548828,512.0,32768.0,None,0.001,0.10971212387084961,0.10108375549316406,3.0
MNIST,poly_sketch,10.0,0.5,rademacher,0.0,1.0,0.0,0.0,0.0,9.027409553527832,1.4142135381698608,0.1403999924659729,0.4798848032951355,0.09000000357627869,5155.66162109375,1.6159435510635376,2604.231689453125,1.1451866626739502,7143.07177734375,5.501535892486572,22.069242477416992,512.0,32768.0,None,0.001,0.2071237564086914,0.10581755638122559,3.0
MNIST,poly_sketch,10.0,0.5,srht,0.0,0.0,0.0,1.0,0.0,9.027409553527832,1.4142135381698608,0.2578999996185303,0.919916570186615,0.09000000357627869,39642.32421875,12.425128936767578,39169.20703125,17.224294662475586,10163.740234375,8.57546615600586,22.987943649291992,512.0,32768.0,None,0.001,0.06427550315856934,0.10039401054382324,3.0
MNIST,poly_sketch,10.0,0.5,srht,0.0,1.0,0.0,1.0,0.0,9.027409553527832,1.4142135381698608,0.15469999611377716,0.5208037495613098,0.09000000357627869,6628.24755859375,2.0774974822998047,3808.261474609375,1.674647569656372,7523.2392578125,5.980104446411133,22.154998779296875,512.0,32768.0,None,0.001,0.1669940948486328,0.10056567192077637,3.0
MNIST,poly_sketch,10.0,0.5,countsketch_scatter,0.0,0.0,0.0,0.0,0.0,9.027409553527832,1.4142135381698608,0.13300000131130219,0.45161688327789307,0.09000000357627869,6222.103515625,1.9501993656158447,3103.5400390625,1.3647528886795044,7166.23046875,5.579700946807861,21.990989685058594,512.0,32768.0,None,0.001,0.0758512020111084,0.10033917427062988,3.0
MNIST,srf,10.0,0.5,gaussian,0.0,0.0,1.0,0.0,0.0,9.027409553527832,1.4142135381698608,0.10569999366998672,0.33973053097724915,0.09000000357627869,2051.309326171875,0.6429436802864075,759.1784057617188,0.3338416516780853,6053.9931640625,4.785898685455322,21.259794235229492,512.0,32768.0,None,0.001,0.7167294025421143,0.10349845886230469,3.0
MNIST,poly_sketch,10.0,0.5,srht,0.0,0.0,1.0,1.0,0.0,9.027409553527832,1.4142135381698608,0.11209999769926071,0.36756962537765503,0.09000000357627869,2493.028564453125,0.7813921570777893,757.31298828125,0.333021342754364,6262.1923828125,4.988663196563721,21.296600341796875,512.0,32768.0,None,0.001,1.2763404846191406,0.10850310325622559,3.0
MNIST,poly_sketch,10.0,0.5,srht,0.0,1.0,1.0,1.0,0.0,9.027409553527832,1.4142135381698608,0.10329999774694443,0.33577099442481995,0.09000000357627869,2181.025390625,0.6836007237434387,636.2027587890625,0.2797642648220062,6021.0400390625,4.692531108856201,21.244964599609375,512.0,32768.0,None,0.001,1.3232460021972656,0.1074519157409668,3.0
MNIST,poly_sketch,10.0,0.5,countsketch_scatter,0.0,0.0,1.0,0.0,0.0,9.027409553527832,1.4142135381698608,0.0997999981045723,0.32720720767974854,0.09000000357627869,2151.827880859375,0.6744493246078491,558.181884765625,0.2454552948474884,5979.138671875,4.641480922698975,21.239686965942383,512.0,32768.0,None,0.001,2.45086407661438,0.10418200492858887,3.0
MNIST,srf,10.0,0.5,gaussian,0.0,0.0,0.0,0.0,0.0,9.027409553527832,1.4142135381698608,0.06669999659061432,0.21542233228683472,0.09000000357627869,1526.497314453125,0.4784514009952545,752.5527954101562,0.33092808723449707,3670.22314453125,3.3530890941619873,16.558544158935547,1024.0,32768.0,None,0.001,0.022235393524169922,0.2530708312988281,3.0
MNIST,poly_sketch,10.0,0.5,gaussian,0.0,0.0,0.0,0.0,0.0,9.027409553527832,1.4142135381698608,0.22939999401569366,0.8451613187789917,0.09000000357627869,8564.6533203125,2.684426784515381,5707.16015625,2.5096707344055176,8825.4638671875,7.4171366691589355,22.383501052856445,1024.0,32768.0,None,0.001,0.20252633094787598,0.24965381622314453,3.0
MNIST,poly_sketch,10.0,0.5,gaussian,0.0,1.0,0.0,0.0,0.0,9.027409553527832,1.4142135381698608,0.11659999936819077,0.38379967212677,0.09000000357627869,9144.806640625,2.866264820098877,4656.9970703125,2.0478711128234863,5916.8916015625,4.772831916809082,20.598737716674805,1024.0,32768.0,None,0.001,0.3916959762573242,0.24994969367980957,3.0
MNIST,poly_sketch,10.0,0.5,rademacher,0.0,0.0,0.0,0.0,0.0,9.027409553527832,1.4142135381698608,0.14569999277591705,0.5072667002677917,0.09000000357627869,20409.33984375,6.396917343139648,19832.126953125,8.720993995666504,7070.3994140625,5.885703086853027,21.03240394592285,1024.0,32768.0,None,0.001,0.20255041122436523,0.2499387264251709,3.0
MNIST,poly_sketch,10.0,0.5,rademacher,0.0,1.0,0.0,0.0,0.0,9.027409553527832,1.4142135381698608,0.09389999508857727,0.31388285756111145,0.09000000357627869,3616.927734375,1.1336568593978882,2110.05908203125,0.9278788566589355,4905.74462890625,3.9057838916778564,19.200084686279297,1024.0,32768.0,None,0.001,0.3917567729949951,0.24973535537719727,3.0
MNIST,poly_sketch,10.0,0.5,srht,0.0,0.0,0.0,1.0,0.0,9.027409553527832,1.4142135381698608,0.16429999470710754,0.555141270160675,0.09000000357627869,17704.015625,5.548985004425049,13318.3251953125,5.85660982131958,7326.8525390625,6.182431221008301,21.406524658203125,1024.0,32768.0,None,0.001,0.07808804512023926,0.25011754035949707,3.0
MNIST,poly_sketch,10.0,0.5,srht,0.0,1.0,0.0,1.0,0.0,9.027409553527832,1.4142135381698608,0.0885000005364418,0.2915276288986206,0.09000000357627869,3949.2275390625,1.2378098964691162,1763.9642333984375,0.7756868600845337,4790.20263671875,3.87143874168396,18.992582321166992,1024.0,32768.0,None,0.001,0.19034886360168457,0.24957537651062012,3.0
MNIST,poly_sketch,10.0,0.5,countsketch_scatter,0.0,0.0,0.0,0.0,0.0,9.027409553527832,1.4142135381698608,0.09099999815225601,0.3042980134487152,0.09000000357627869,5037.537109375,1.5789196491241455,3253.286865234375,1.4306026697158813,4934.3828125,3.9395034313201904,19.245277404785156,1024.0,32768.0,None,0.001,0.11012482643127441,0.24966049194335938,3.0
MNIST,srf,10.0,0.5,gaussian,0.0,0.0,1.0,0.0,0.0,9.027409553527832,1.4142135381698608,0.06639999896287918,0.21574552357196808,0.09000000357627869,1543.7117919921875,0.4838469326496124,756.143798828125,0.3325072228908539,3662.45947265625,3.345425605773926,16.557619094848633,1024.0,32768.0,None,0.001,0.7213840484619141,0.25443029403686523,3.0
MNIST,poly_sketch,10.0,0.5,srht,0.0,0.0,1.0,1.0,0.0,9.027409553527832,1.4142135381698608,0.07289999723434448,0.23259052634239197,0.09000000357627869,3044.6376953125,0.9542834758758545,2154.838134765625,0.9475700259208679,3949.503662109375,3.49155855178833,17.068513870239258,1024.0,32768.0,None,0.001,1.2831218242645264,0.2534170150756836,3.0
MNIST,poly_sketch,10.0,0.5,srht,0.0,1.0,1.0,1.0,0.0,9.027409553527832,1.4142135381698608,0.0625,0.2071773111820221,0.09000000357627869,1924.1502685546875,0.6030881404876709,792.84423828125,0.3486458957195282,3674.921142578125,3.2858030796051025,16.60776138305664,1024.0,32768.0,None,0.001,1.3293561935424805,0.25402379035949707,3.0
MNIST,poly_sketch,10.0,0.5,countsketch_scatter,0.0,0.0,1.0,0.0,0.0,9.027409553527832,1.4142135381698608,0.06830000132322311,0.22178596258163452,0.09000000357627869,1647.2998046875,0.5163146257400513,551.6099853515625,0.2425653636455536,3686.02783203125,3.2627429962158203,16.721975326538086,1024.0,32768.0,None,0.001,2.4653799533843994,0.2502725124359131,3.0
MNIST,srf,10.0,0.5,gaussian,0.0,0.0,0.0,0.0,0.0,9.027409553527832,1.4142135381698608,0.04569999873638153,0.14755858480930328,0.09000000357627869,1096.9239501953125,0.3438098430633545,552.1085205078125,0.24278458952903748,1830.7347412109375,2.0221736431121826,9.75688362121582,2048.0,32768.0,None,0.001,0.03783822059631348,0.9699397087097168,3.0
MNIST,poly_sketch,10.0,0.5,gaussian,0.0,0.0,0.0,0.0,0.0,9.027409553527832,1.4142135381698608,0.14299999177455902,0.49177348613739014,0.09000000357627869,41171.40625,12.904390335083008,34195.4296875,15.03712272644043,6805.41552734375,5.9031171798706055,20.792455673217773,2048.0,32768.0,None,0.001,0.40108275413513184,0.9631977081298828,3.0
MNIST,poly_sketch,10.0,0.5,gaussian,0.0,1.0,0.0,0.0,0.0,9.027409553527832,1.4142135381698608,0.07649999856948853,0.25305086374282837,0.09000000357627869,3328.964111328125,1.0434001684188843,1333.403564453125,0.5863518118858337,4112.81982421875,3.429763078689575,17.681489944458008,2048.0,32768.0,None,0.001,0.7336885929107666,0.9702298641204834,3.0
MNIST,poly_sketch,10.0,0.5,rademacher,0.0,0.0,0.0,0.0,0.0,9.027409553527832,1.4142135381698608,0.09449999779462814,0.32921725511550903,0.09000000357627869,4961.85205078125,1.5551977157592773,2517.77001953125,1.1071659326553345,5029.21044921875,4.201653003692627,18.51561164855957,2048.0,32768.0,None,0.001,0.401137113571167,0.9529764652252197,3.0
MNIST,poly_sketch,10.0,0.5,rademacher,0.0,1.0,0.0,0.0,0.0,9.027409553527832,1.4142135381698608,0.05920000001788139,0.1966908574104309,0.09000000357627869,4042.624755859375,1.2670834064483643,2116.73388671875,0.9308140277862549,3003.18798828125,2.584221839904785,14.728362083435059,2048.0,32768.0,None,0.001,0.733961820602417,0.970574140548706,3.0
MNIST,poly_sketch,10.0,0.5,srht,0.0,0.0,0.0,1.0,0.0,9.027409553527832,1.4142135381698608,0.09879999607801437,0.33093494176864624,0.09000000357627869,9141.5888671875,2.8652563095092773,6385.28271484375,2.807868719100952,4965.76220703125,4.149438858032227,18.48142433166504,2048.0,32768.0,None,0.001,0.10944128036499023,0.970850944519043,3.0
MNIST,poly_sketch,10.0,0.5,srht,0.0,1.0,0.0,1.0,0.0,9.027409553527832,1.4142135381698608,0.057999998331069946,0.19343850016593933,0.09000000357627869,2258.31201171875,0.70782470703125,843.2239379882812,0.3707998991012573,3097.94091796875,2.5979771614074707,15.099969863891602,2048.0,32768.0,None,0.001,0.22447896003723145,0.9705228805541992,3.0
MNIST,poly_sketch,10.0,0.5,countsketch_scatter,0.0,0.0,0.0,0.0,0.0,9.027409553527832,1.4142135381698608,0.05729999765753746,0.1888606995344162,0.09000000357627869,2898.107421875,0.9083563685417175,1400.6488037109375,0.6159222722053528,3016.406005859375,2.6088836193084717,14.71972942352295,2048.0,32768.0,None,0.001,0.18447375297546387,0.9619786739349365,3.0
MNIST,srf,10.0,0.5,gaussian,0.0,0.0,1.0,0.0,0.0,9.027409553527832,1.4142135381698608,0.045899998396635056,0.1468237042427063,0.09000000357627869,1090.827880859375,0.34189915657043457,535.6626586914062,0.23555268347263336,1830.4547119140625,2.028538703918457,9.741891860961914,2048.0,32768.0,None,0.001,0.7342650890350342,0.9777724742889404,3.0
MNIST,poly_sketch,10.0,0.5,srht,0.0,0.0,1.0,1.0,0.0,9.027409553527832,1.4142135381698608,0.051899999380111694,0.16697268187999725,0.09000000357627869,1980.853515625,0.6208606362342834,770.4024658203125,0.3387773334980011,2333.84033203125,2.2322542667388916,12.07967758178711,2048.0,32768.0,None,0.001,1.2964835166931152,0.9764962196350098,3.0
MNIST,poly_sketch,10.0,0.5,srht,0.0,1.0,1.0,1.0,0.0,9.027409553527832,1.4142135381698608,0.044099997729063034,0.1453777253627777,0.09000000357627869,1207.32470703125,0.3784128427505493,394.6944274902344,0.17356321215629578,1975.3875732421875,2.0263512134552,10.66575813293457,2048.0,32768.0,None,0.001,1.3425407409667969,0.9661464691162109,3.0
MNIST,poly_sketch,10.0,0.5,countsketch_scatter,0.0,0.0,1.0,0.0,0.0,9.027409553527832,1.4142135381698608,0.045399997383356094,0.14710409939289093,0.09000000357627869,1203.0361328125,0.3770686686038971,319.1748046875,0.14035415649414062,1990.137939453125,2.0444726943969727,10.668974876403809,2048.0,32768.0,None,0.001,2.478499412536621,0.9574267864227295,3.0
MNIST,srf,10.0,0.5,gaussian,0.0,0.0,0.0,0.0,0.0,9.027409553527832,1.4142135381698608,0.03179999813437462,0.10656176507472992,0.09000000357627869,890.5452270507812,0.27912437915802,576.9584350585938,0.25371211767196655,795.3408203125,1.081264853477478,4.011651039123535,4096.0,32768.0,None,0.001,0.0702974796295166,3.013167381286621,3.0
MNIST,poly_sketch,10.0,0.5,gaussian,0.0,0.0,0.0,0.0,0.0,9.027409553527832,1.4142135381698608,0.09339999407529831,0.31400126218795776,0.09000000357627869,7967.666015625,2.497312545776367,5108.52294921875,2.2464253902435303,4879.40576171875,4.036233425140381,18.704986572265625,4096.0,32768.0,None,0.001,0.8000385761260986,3.01979923248291,3.0
MNIST,poly_sketch,10.0,0.5,gaussian,0.0,1.0,0.0,0.0,0.0,9.027409553527832,1.4142135381698608,0.05179999768733978,0.1650046408176422,0.09000000357627869,4836.6044921875,1.5159412622451782,3069.589599609375,1.3498234748840332,2657.4326171875,2.2628211975097656,13.985779762268066,4096.0,32768.0,None,0.001,1.4441559314727783,3.0203542709350586,3.0
MNIST,poly_sketch,10.0,0.5,rademacher,0.0,0.0,0.0,0.0,0.0,9.027409553527832,1.4142135381698608,0.05810000002384186,0.1922535002231598,0.09000000357627869,4271.44775390625,1.3388036489486694,2622.811767578125,1.1533571481704712,3237.556396484375,2.652245283126831,15.070624351501465,4096.0,32768.0,None,0.001,0.7997469902038574,3.02040696144104,3.0
MNIST,poly_sketch,10.0,0.5,rademacher,0.0,1.0,0.0,0.0,0.0,9.027409553527832,1.4142135381698608,0.03959999978542328,0.12830378115177155,0.09000000357627869,1801.4453125,0.5646286010742188,690.6548461914062,0.3037090599536896,1798.8472900390625,1.666964054107666,10.255511283874512,4096.0,32768.0,None,0.001,1.444089412689209,3.0255603790283203,3.0
MNIST,poly_sketch,10.0,0.5,srht,0.0,0.0,0.0,1.0,0.0,9.027409553527832,1.4142135381698608,0.05939999967813492,0.1952514946460724,0.09000000357627869,6353.3876953125,1.9913479089736938,4968.48193359375,2.1848437786102295,3173.697509765625,2.6650655269622803,14.912067413330078,4096.0,32768.0,None,0.001,0.17365264892578125,3.013826370239258,3.0
MNIST,poly_sketch,10.0,0.5,srht,0.0,1.0,0.0,1.0,0.0,9.027409553527832,1.4142135381698608,0.03749999776482582,0.12420287728309631,0.09000000357627869,2695.859130859375,0.8449655175209045,1852.804443359375,0.814753532409668,1875.0296630859375,1.7142659425735474,10.650696754455566,4096.0,32768.0,None,0.001,0.2825450897216797,3.0138583183288574,3.0
MNIST,poly_sketch,10.0,0.5,countsketch_scatter,0.0,0.0,0.0,0.0,0.0,9.027409553527832,1.4142135381698608,0.03920000046491623,0.12492199242115021,0.09000000357627869,4019.219482421875,1.2597475051879883,2240.025390625,0.9850303530693054,1805.5511474609375,1.6140828132629395,10.548474311828613,4096.0,32768.0,None,0.001,0.33221006393432617,3.0217695236206055,3.0
MNIST,srf,10.0,0.5,gaussian,0.0,0.0,1.0,0.0,0.0,9.027409553527832,1.4142135381698608,0.030299998819828033,0.10143189132213593,0.09000000357627869,873.7255249023438,0.27385255694389343,550.1575927734375,0.24192668497562408,789.255126953125,1.0711758136749268,3.9970695972442627,4096.0,32768.0,None,0.001,0.7600419521331787,3.0279202461242676,3.0
MNIST,poly_sketch,10.0,0.5,srht,0.0,0.0,1.0,1.0,0.0,9.027409553527832,1.4142135381698608,0.03749999776482582,0.12199684977531433,0.09000000357627869,2361.306884765625,0.7401065230369568,1423.19482421875,0.6258366703987122,1427.1656494140625,1.4142290353775024,8.243403434753418,4096.0,32768.0,None,0.001,1.3187565803527832,3.0148518085479736,3.0
MNIST,poly_sketch,10.0,0.5,srht,0.0,1.0,1.0,1.0,0.0,9.027409553527832,1.4142135381698608,0.03460000082850456,0.11180303990840912,0.09000000357627869,1021.5339965820312,0.3201802968978882,289.8972473144531,0.12747962772846222,1001.33984375,1.1733026504516602,5.664124965667725,4096.0,32768.0,None,0.001,1.3666658401489258,3.014286756515503,3.0
MNIST,poly_sketch,10.0,0.5,countsketch_scatter,0.0,0.0,1.0,0.0,0.0,9.027409553527832,1.4142135381698608,0.03189999982714653,0.10730654001235962,0.09000000357627869,983.3034057617188,0.30819764733314514,323.0180358886719,0.14204418659210205,987.4977416992188,1.1449251174926758,5.6712541580200195,4096.0,32768.0,None,0.001,2.498836040496826,3.0275166034698486,3.0
MNIST,srf,10.0,0.5,gaussian,0.0,0.0,0.0,0.0,0.0,9.027409553527832,1.4142135381698608,0.024699999019503593,0.079220250248909,0.09000000357627869,730.3977661132812,0.22892922163009644,544.603271484375,0.23948422074317932,326.7969665527344,0.5228952765464783,1.2276283502578735,8192.0,32768.0,None,0.001,0.13640308380126953,11.1651029586792,3.0
MNIST,poly_sketch,10.0,0.5,gaussian,0.0,0.0,0.0,0.0,0.0,9.027409553527832,1.4142135381698608,0.06279999762773514,0.20499534904956818,0.09000000357627869,7360.63720703125,2.307050943374634,4676.212890625,2.056321144104004,3420.860107421875,2.8106446266174316,15.833037376403809,8192.0,32768.0,None,0.001,1.5539872646331787,11.179295301437378,3.0
MNIST,poly_sketch,10.0,0.5,gaussian,0.0,1.0,0.0,0.0,0.0,9.027409553527832,1.4142135381698608,0.03319999948143959,0.11537522822618484,0.09000000357627869,1987.7686767578125,0.6230280995368958,1059.49658203125,0.46590378880500793,1644.41796875,1.4980577230453491,10.03420352935791,8192.0,32768.0,None,0.001,2.8471643924713135,11.164432048797607,3.0
MNIST,poly_sketch,10.0,0.5,rademacher,0.0,0.0,0.0,0.0,0.0,9.027409553527832,1.4142135381698608,0.039799999445676804,0.13699296116828918,0.09000000357627869,2677.08056640625,0.839079737663269,1084.31689453125,0.4768182933330536,2014.610595703125,1.7847683429718018,11.751556396484375,8192.0,32768.0,None,0.001,1.5542709827423096,11.179768562316895,3.0
MNIST,poly_sketch,10.0,0.5,rademacher,0.0,1.0,0.0,0.0,0.0,9.027409553527832,1.4142135381698608,0.02879999950528145,0.09394451230764389,0.09000000357627869,1546.543701171875,0.48473456501960754,599.1001586914062,0.26344871520996094,1022.2348022460938,1.0502568483352661,6.333146095275879,8192.0,32768.0,None,0.001,2.848043203353882,11.156987428665161,3.0
MNIST,poly_sketch,10.0,0.5,srht,0.0,0.0,0.0,1.0,0.0,9.027409553527832,1.4142135381698608,0.04099999740719795,0.13102510571479797,0.09000000357627869,3820.644775390625,1.1975080966949463,2220.7861328125,0.9765700697898865,2056.31787109375,1.7833751440048218,11.252913475036621,8192.0,32768.0,None,0.001,0.3062589168548584,11.180766820907593,3.0
MNIST,poly_sketch,10.0,0.5,srht,0.0,1.0,0.0,1.0,0.0,9.027409553527832,1.4142135381698608,0.026899999007582664,0.09433460235595703,0.09000000357627869,1530.040283203125,0.47956186532974243,586.62451171875,0.2579626739025116,989.0093994140625,1.0253032445907593,6.135655879974365,8192.0,32768.0,None,0.001,0.4086792469024658,11.158293962478638,3.0
MNIST,poly_sketch,10.0,0.5,countsketch_scatter,0.0,0.0,0.0,0.0,0.0,9.027409553527832,1.4142135381698608,0.028699999675154686,0.09566955268383026,0.09000000357627869,1968.8070068359375,0.6170849204063416,1385.3660888671875,0.6092018485069275,1004.9025268554688,1.064827799797058,6.015578746795654,8192.0,32768.0,None,0.001,0.6068539619445801,11.143294334411621,3.0
MNIST,srf,10.0,0.5,gaussian,0.0,0.0,1.0,0.0,0.0,9.027409553527832,1.4142135381698608,0.025299999862909317,0.0859454944729805,0.09000000357627869,741.6212768554688,0.23244701325893402,562.1558837890625,0.2472028285264969,327.5185241699219,0.5256022810935974,1.219990611076355,8192.0,32768.0,None,0.001,0.7946488857269287,11.144644737243652,3.0
MNIST,poly_sketch,10.0,0.5,srht,0.0,0.0,1.0,1.0,0.0,9.027409553527832,1.4142135381698608,0.02929999865591526,0.09425631165504456,0.09000000357627869,2677.659912109375,0.8392612934112549,1998.097900390625,0.8786450028419495,1012.58935546875,1.023255467414856,6.298401832580566,8192.0,32768.0,None,0.001,1.3559646606445312,11.144567012786865,3.0
MNIST,poly_sketch,10.0,0.5,srht,0.0,1.0,1.0,1.0,0.0,9.027409553527832,1.4142135381698608,0.026200000196695328,0.08598081022500992,0.09000000357627869,880.8677368164062,0.27609115839004517,277.0649108886719,0.12183672189712524,555.9107666015625,0.7006279230117798,3.0591351985931396,8192.0,32768.0,None,0.001,1.4063620567321777,11.14610743522644,3.0
MNIST,poly_sketch,10.0,0.5,countsketch_scatter,0.0,0.0,1.0,0.0,0.0,9.027409553527832,1.4142135381698608,0.023799998685717583,0.08385166525840759,0.09000000357627869,1084.383544921875,0.3398793041706085,417.6445007324219,0.1836552917957306,614.5357055664062,0.7118037343025208,3.7097315788269043,8192.0,32768.0,None,0.001,2.537123441696167,11.149826288223267,3.0
MNIST,srf,10.0,0.5,gaussian,0.0,0.0,0.0,0.0,0.0,9.027409553527832,1.4142135381698608,0.01979999989271164,0.07155640423297882,0.09000000357627869,647.7512817382812,0.20302525162696838,542.55126953125,0.23858188092708588,143.19668579101562,0.25640735030174255,0.3076905310153961,16384.0,32768.0,None,0.001,0.26627278327941895,44.28434348106384,3.0
MNIST,poly_sketch,10.0,0.5,gaussian,0.0,0.0,0.0,0.0,0.0,9.027409553527832,1.4142135381698608,0.0429999977350235,0.1434534192085266,0.09000000357627869,4492.69873046875,1.408150553703308,2414.30810546875,1.0616695880889893,2388.390625,2.008078098297119,12.89135456085205,16384.0,32768.0,None,0.001,3.1052067279815674,44.48477840423584,3.0
MNIST,poly_sketch,10.0,0.5,gaussian,0.0,1.0,0.0,0.0,0.0,9.027409553527832,1.4142135381698608,0.02459999918937683,0.08501453697681427,0.09000000357627869,2599.246826171875,0.8146842122077942,1497.11279296875,0.6583414673805237,1001.3041381835938,1.0278003215789795,6.4092583656311035,16384.0,32768.0,None,0.001,5.666454792022705,44.38636088371277,3.0
MNIST,poly_sketch,10.0,0.5,rademacher,0.0,0.0,0.0,0.0,0.0,9.027409553527832,1.4142135381698608,0.027499999850988388,0.09518518298864365,0.09000000357627869,2646.759033203125,0.8295760154724121,1743.7550048828125,0.766800045967102,1268.3729248046875,1.1670130491256714,7.722166061401367,16384.0,32768.0,None,0.001,3.115652561187744,44.478015661239624,3.0
