D,bias,comp,dataset,degree,feature_dist,feature_time,hier,k_mean_error,k_mse,k_rel_frob_error,kernel_len,kernel_var,method,noise_var,pred_time,proj,seed,test_error,test_kl,test_label_var,test_mean_mse,test_mnll,test_var_mse
1024.0,0.875,0.0,FashionMNIST,10.0,None,0.1942920684814453,0.0,0.3360067307949066,0.20585989952087402,0.1855592131614685,2.8284270763397217,3.895010232925415,poly_sketch,0.01,0.2554197311401367,rademacher,0.0,0.15629999339580536,2914.129638671875,0.09000000357627869,0.2787777781486511,0.4527304470539093,0.036295466125011444
1024.0,0.875,1.0,FashionMNIST,10.0,None,0.7092607021331787,0.0,0.1546238362789154,0.032895736396312714,0.07417652010917664,2.8284270763397217,3.895010232925415,poly_sketch,0.01,0.7666521072387695,rademacher,0.0,0.14329999685287476,1274.6864013671875,0.09000000357627869,0.11791031062602997,0.4211321175098419,0.024639682844281197
1024.0,0.875,0.0,FashionMNIST,10.0,None,0.09642672538757324,0.0,0.5498067736625671,0.3561830520629883,0.24408060312271118,2.8284270763397217,3.895010232925415,poly_sketch,0.01,0.25632691383361816,srht,0.0,0.15950000286102295,2819.674560546875,0.09000000357627869,0.2625132203102112,0.4515818655490875,0.036348361521959305
1024.0,0.875,1.0,FashionMNIST,10.0,None,0.23546886444091797,0.0,0.10657596588134766,0.01641051284968853,0.05239112675189972,2.8284270763397217,3.895010232925415,poly_sketch,0.01,0.7663469314575195,srht,0.0,0.14499999582767487,1174.1038818359375,0.09000000357627869,0.11272456496953964,0.4182482361793518,0.022147445008158684
1024.0,0.875,0.0,FashionMNIST,10.0,None,0.1038200855255127,0.0,2.3847129344940186,5.978699684143066,1.0,2.8284270763397217,3.895010232925415,poly_sketch,0.01,0.2937624454498291,countsketch_scatter,0.0,0.8999999761581421,134156.125,0.09000000357627869,3.947690010070801,2.3025856018066406,0.17493098974227905
2048.0,0.875,0.0,FashionMNIST,10.0,None,0.38610005378723145,0.0,0.13874505460262299,0.034043069928884506,0.07545899599790573,2.8284270763397217,3.895010232925415,poly_sketch,0.01,0.9671156406402588,rademacher,0.0,0.14569999277591705,1722.19921875,0.09000000357627869,0.18174505233764648,0.4214141070842743,0.016697147861123085
2048.0,0.875,1.0,FashionMNIST,10.0,None,1.3960421085357666,0.0,0.10152582824230194,0.017906341701745987,0.05472680553793907,2.8284270763397217,3.895010232925415,poly_sketch,0.01,2.718651056289673,rademacher,0.0,0.1356000006198883,642.1522827148438,0.09000000357627869,0.06746305525302887,0.3946072459220886,0.008361872285604477
2048.0,0.875,0.0,FashionMNIST,10.0,None,0.18820929527282715,0.0,0.14484050869941711,0.032953012734651566,0.07424107193946838,2.8284270763397217,3.895010232925415,poly_sketch,0.01,0.9853978157043457,srht,0.0,0.14249999821186066,1704.7386474609375,0.09000000357627869,0.1766669899225235,0.4208466112613678,0.01842726767063141
2048.0,0.875,1.0,FashionMNIST,10.0,None,0.46850037574768066,0.0,0.08804655820131302,0.01210008841007948,0.044987402856349945,2.8284270763397217,3.895010232925415,poly_sketch,0.01,2.7189934253692627,srht,0.0,0.1339000016450882,620.2409057617188,0.09000000357627869,0.06694990396499634,0.39662301540374756,0.00867403019219637
2048.0,0.875,0.0,FashionMNIST,10.0,None,0.16823697090148926,0.0,2.3847129344940186,5.978699684143066,1.0,2.8284270763397217,3.895010232925415,poly_sketch,0.01,1.0487148761749268,countsketch_scatter,0.0,0.8999999761581421,134156.125,0.09000000357627869,3.947690010070801,2.3025856018066406,0.17493098974227905
3072.0,0.875,0.0,FashionMNIST,10.0,None,0.5704658031463623,0.0,0.2444411963224411,0.08864098787307739,0.12176261097192764,2.8284270763397217,3.895010232925415,poly_sketch,0.01,1.8221752643585205,rademacher,0.0,0.1394999921321869,1345.3170166015625,0.09000000357627869,0.13616512715816498,0.40817990899086,0.0133546506986022
3072.0,0.875,1.0,FashionMNIST,10.0,None,2.086139440536499,0.0,0.13792379200458527,0.028054341673851013,0.06850096583366394,2.8284270763397217,3.895010232925415,poly_sketch,0.01,5.8796257972717285,rademacher,0.0,0.13179999589920044,448.4798889160156,0.09000000357627869,0.04932015389204025,0.38277849555015564,0.004855503793805838
3072.0,0.875,0.0,FashionMNIST,10.0,None,0.27309203147888184,0.0,0.15031319856643677,0.03964285925030708,0.08142900466918945,2.8284270763397217,3.895010232925415,poly_sketch,0.01,1.822155475616455,srht,0.0,0.13699999451637268,1247.6695556640625,0.09000000357627869,0.13469648361206055,0.401350736618042,0.01131182350218296
3072.0,0.875,1.0,FashionMNIST,10.0,None,0.6956462860107422,0.0,0.05459636449813843,0.004735368769615889,0.028143202885985374,2.8284270763397217,3.895010232925415,poly_sketch,0.01,5.8784379959106445,srht,0.0,0.13130000233650208,448.04931640625,0.09000000357627869,0.04875453934073448,0.38426169753074646,0.0051759351044893265
3072.0,0.875,0.0,FashionMNIST,10.0,None,0.23480796813964844,0.0,2.3847129344940186,5.978699684143066,1.0,2.8284270763397217,3.895010232925415,poly_sketch,0.01,1.934661865234375,countsketch_scatter,0.0,0.8999999761581421,134156.125,0.09000000357627869,3.947690010070801,2.3025856018066406,0.17493098974227905
4096.0,0.875,0.0,FashionMNIST,10.0,None,0.7564296722412109,0.0,0.17664365470409393,0.049507759511470795,0.09099829941987991,2.8284270763397217,3.895010232925415,poly_sketch,0.01,3.031602382659912,rademacher,0.0,0.13750000298023224,1039.9085693359375,0.09000000357627869,0.11624118685722351,0.4000140428543091,0.008325436152517796
4096.0,0.875,1.0,FashionMNIST,10.0,None,2.7766318321228027,0.0,0.1260640025138855,0.02097737416625023,0.05923415720462799,2.8284270763397217,3.895010232925415,poly_sketch,0.01,10.252804517745972,rademacher,0.0,0.1306999921798706,341.54443359375,0.09000000357627869,0.037867821753025055,0.38071727752685547,0.0037368498742580414
4096.0,0.875,0.0,FashionMNIST,10.0,None,0.35889768600463867,0.0,0.10536137223243713,0.019351141527295113,0.05689183622598648,2.8284270763397217,3.895010232925415,poly_sketch,0.01,3.03059720993042,srht,0.0,0.13660000264644623,1024.010986328125,0.09000000357627869,0.10968247801065445,0.3949354290962219,0.008300052024424076
4096.0,0.875,1.0,FashionMNIST,10.0,None,0.9247448444366455,0.0,0.04959322139620781,0.0041954717598855495,0.026490310207009315,2.8284270763397217,3.895010232925415,poly_sketch,0.01,10.25339126586914,srht,0.0,0.13269999623298645,334.8881530761719,0.09000000357627869,0.038504745811223984,0.38044965267181396,0.00304253282956779
4096.0,0.875,0.0,FashionMNIST,10.0,None,0.29812121391296387,0.0,2.3847129344940186,5.978699684143066,1.0,2.8284270763397217,3.895010232925415,poly_sketch,0.01,3.1896841526031494,countsketch_scatter,0.0,0.8999999761581421,134156.125,0.09000000357627869,3.947690010070801,2.3025856018066406,0.17493098974227905
5120.0,0.875,0.0,FashionMNIST,10.0,None,0.9443800449371338,0.0,0.13665281236171722,0.03286953642964363,0.07414697110652924,2.8284270763397217,3.895010232925415,poly_sketch,0.01,4.626986265182495,rademacher,0.0,0.13409999012947083,844.7953491210938,0.09000000357627869,0.09497756510972977,0.39679190516471863,0.005397862289100885
5120.0,0.875,1.0,FashionMNIST,10.0,None,3.466768264770508,0.0,0.04322235658764839,0.0029000667855143547,0.022024227306246758,2.8284270763397217,3.895010232925415,poly_sketch,0.01,15.920618295669556,rademacher,0.0,0.1290999948978424,274.5903015136719,0.09000000357627869,0.03163881227374077,0.3723791539669037,0.002302716253325343
5120.0,0.875,0.0,FashionMNIST,10.0,None,0.4466383457183838,0.0,0.12003141641616821,0.024584854021668434,0.06412545591592789,2.8284270763397217,3.895010232925415,poly_sketch,0.01,4.627610683441162,srht,0.0,0.13519999384880066,900.3158569335938,0.09000000357627869,0.09819626808166504,0.3900656998157501,0.006505195051431656
5120.0,0.875,1.0,FashionMNIST,10.0,None,1.1554291248321533,0.0,0.07100650668144226,0.006817061919718981,0.0337672159075737,2.8284270763397217,3.895010232925415,poly_sketch,0.01,15.90013599395752,srht,0.0,0.1281999945640564,280.15350341796875,0.09000000357627869,0.03190922364592552,0.3727225363254547,0.002264500828459859
5120.0,0.875,0.0,FashionMNIST,10.0,None,0.36191439628601074,0.0,2.3847129344940186,5.978699684143066,1.0,2.8284270763397217,3.895010232925415,poly_sketch,0.01,4.817235708236694,countsketch_scatter,0.0,0.8999999761581421,134156.125,0.09000000357627869,3.947690010070801,2.3025856018066406,0.17493098974227905
6144.0,0.875,0.0,FashionMNIST,10.0,None,1.1283810138702393,0.0,0.08963681012392044,0.01374340895563364,0.047945063561201096,2.8284270763397217,3.895010232925415,poly_sketch,0.01,6.439328908920288,rademacher,0.0,0.13369999825954437,748.3407592773438,0.09000000357627869,0.08250074088573456,0.3851037621498108,0.0052623446099460125
6144.0,0.875,0.0,FashionMNIST,10.0,None,0.5284938812255859,0.0,0.09637162834405899,0.01483646035194397,0.049815189093351364,2.8284270763397217,3.895010232925415,poly_sketch,0.01,6.44366455078125,srht,0.0,0.13509999215602875,758.1110229492188,0.09000000357627869,0.08291097730398178,0.39098188281059265,0.005407704971730709
6144.0,0.875,0.0,FashionMNIST,10.0,None,0.4023470878601074,0.0,2.3847129344940186,5.978699684143066,1.0,2.8284270763397217,3.895010232925415,poly_sketch,0.01,6.684075117111206,countsketch_scatter,0.0,0.8999999761581421,134156.125,0.09000000357627869,3.947690010070801,2.3025856018066406,0.17493098974227905
7168.0,0.875,0.0,FashionMNIST,10.0,None,1.317488431930542,0.0,0.14305852353572845,0.031045429408550262,0.07206020504236221,2.8284270763397217,3.895010232925415,poly_sketch,0.01,8.575109004974365,rademacher,0.0,0.13189999759197235,671.0505981445312,0.09000000357627869,0.07302603125572205,0.38194939494132996,0.0047767022624611855
7168.0,0.875,0.0,FashionMNIST,10.0,None,0.6180589199066162,0.0,0.09972068667411804,0.01546367909759283,0.05085727199912071,2.8284270763397217,3.895010232925415,poly_sketch,0.01,8.576403379440308,srht,0.0,0.13349999487400055,661.9340209960938,0.09000000357627869,0.0725974515080452,0.3826920688152313,0.004480179399251938
7168.0,0.875,0.0,FashionMNIST,10.0,None,0.49085116386413574,0.0,2.3847129344940186,5.978699684143066,1.0,2.8284270763397217,3.895010232925415,poly_sketch,0.01,8.853878259658813,countsketch_scatter,0.0,0.8999999761581421,134156.125,0.09000000357627869,3.947690010070801,2.3025856018066406,0.17493098974227905
8192.0,0.875,0.0,FashionMNIST,10.0,None,1.5029308795928955,0.0,0.11120264232158661,0.01704246737062931,0.05339036509394646,2.8284270763397217,3.895010232925415,poly_sketch,0.01,11.14455533027649,rademacher,0.0,0.13120000064373016,609.1461791992188,0.09000000357627869,0.06832017004489899,0.38315051794052124,0.0034856998827308416
8192.0,0.875,0.0,FashionMNIST,10.0,None,0.75791335105896,0.0,0.07563602179288864,0.009800652042031288,0.04048779606819153,2.8284270763397217,3.895010232925415,poly_sketch,0.01,11.144315719604492,srht,0.0,0.13089999556541443,620.7890625,0.09000000357627869,0.06869275122880936,0.38095179200172424,0.0037012130487710238
8192.0,0.875,0.0,FashionMNIST,10.0,None,0.570202112197876,0.0,2.3847129344940186,5.978699684143066,1.0,2.8284270763397217,3.895010232925415,poly_sketch,0.01,11.463632822036743,countsketch_scatter,0.0,0.8999999761581421,134156.125,0.09000000357627869,3.947690010070801,2.3025856018066406,0.17493098974227905
9216.0,0.875,0.0,FashionMNIST,10.0,None,1.6853117942810059,0.0,0.11746767908334732,0.019345665350556374,0.056883785873651505,2.8284270763397217,3.895010232925415,poly_sketch,0.01,14.121264696121216,rademacher,0.0,0.12960000336170197,536.4601440429688,0.09000000357627869,0.05910653993487358,0.3788948953151703,0.0028693811036646366
9216.0,0.875,0.0,FashionMNIST,10.0,None,0.7904119491577148,0.0,0.17724443972110748,0.05262206122279167,0.09381679445505142,2.8284270763397217,3.895010232925415,poly_sketch,0.01,14.152472496032715,srht,0.0,0.12889999151229858,565.2926635742188,0.09000000357627869,0.06380833685398102,0.37703728675842285,0.0027039488777518272
9216.0,0.875,0.0,FashionMNIST,10.0,None,0.6042134761810303,0.0,2.3847129344940186,5.978699684143066,1.0,2.8284270763397217,3.895010232925415,poly_sketch,0.01,14.508917093276978,countsketch_scatter,0.0,0.8999999761581421,134156.125,0.09000000357627869,3.947690010070801,2.3025856018066406,0.17493098974227905
10240.0,0.875,0.0,FashionMNIST,10.0,None,1.875727653503418,0.0,0.1552441567182541,0.03711235895752907,0.07878724485635757,2.8284270763397217,3.895010232925415,poly_sketch,0.01,17.358027935028076,rademacher,0.0,0.1305999904870987,525.9216918945312,0.09000000357627869,0.059960898011922836,0.3781369626522064,0.002338906517252326
10240.0,0.875,0.0,FashionMNIST,10.0,None,1.0024242401123047,0.0,0.09265323728322983,0.013130820356309414,0.0468643493950367,2.8284270763397217,3.895010232925415,poly_sketch,0.01,17.348955392837524,srht,0.0,0.1306999921798706,510.89141845703125,0.09000000357627869,0.058356571942567825,0.37788915634155273,0.002614663215354085
10240.0,0.875,0.0,FashionMNIST,10.0,None,0.691044807434082,0.0,2.3847129344940186,5.978699684143066,1.0,2.8284270763397217,3.895010232925415,poly_sketch,0.01,17.772615432739258,countsketch_scatter,0.0,0.8999999761581421,134156.125,0.09000000357627869,3.947690010070801,2.3025856018066406,0.17493098974227905
1024.0,0.875,0.0,FashionMNIST,10.0,None,0.20128703117370605,0.0,0.34806016087532043,0.2087140530347824,0.18759754300117493,2.8284270763397217,3.895010232925415,poly_sketch,0.01,0.25705933570861816,rademacher,1.0,0.1550000011920929,2798.898193359375,0.09000000357627869,0.2695351243019104,0.4486504793167114,0.038713883608579636
1024.0,0.875,1.0,FashionMNIST,10.0,None,0.7095978260040283,0.0,0.1595482975244522,0.03420616686344147,0.07594575732946396,2.8284270763397217,3.895010232925415,poly_sketch,0.01,0.7665047645568848,rademacher,1.0,0.1428000032901764,1257.2049560546875,0.09000000357627869,0.11934122443199158,0.42125600576400757,0.02475152723491192
1024.0,0.875,0.0,FashionMNIST,10.0,None,0.0958871841430664,0.0,0.2613880932331085,0.14999336004257202,0.15903303027153015,2.8284270763397217,3.895010232925415,poly_sketch,0.01,0.25649476051330566,srht,1.0,0.15449999272823334,2794.6474609375,0.09000000357627869,0.27153539657592773,0.4461206793785095,0.03679991140961647
1024.0,0.875,1.0,FashionMNIST,10.0,None,0.23813223838806152,0.0,0.11244557797908783,0.020046360790729523,0.05813920125365257,2.8284270763397217,3.895010232925415,poly_sketch,0.01,0.7661054134368896,srht,1.0,0.14669999480247498,1247.4871826171875,0.09000000357627869,0.12083294987678528,0.41833552718162537,0.02287491224706173
1024.0,0.875,0.0,FashionMNIST,10.0,None,0.1100168228149414,0.0,2.3746533393859863,5.930583477020264,1.0,2.8284270763397217,3.895010232925415,poly_sketch,0.01,0.29264259338378906,countsketch_scatter,1.0,0.8999999761581421,132942.71875,0.09000000357627869,3.9045305252075195,2.3025856018066406,0.18005600571632385
2048.0,0.875,0.0,FashionMNIST,10.0,None,0.38936781883239746,0.0,0.20819567143917084,0.06443001329898834,0.10423063486814499,2.8284270763397217,3.895010232925415,poly_sketch,0.01,0.9845972061157227,rademacher,1.0,0.1453000009059906,1744.1395263671875,0.09000000357627869,0.17817749083042145,0.4171988070011139,0.020540369674563408
2048.0,0.875,1.0,FashionMNIST,10.0,None,1.3981103897094727,0.0,0.07970114797353745,0.010229616425931454,0.041531819850206375,2.8284270763397217,3.895010232925415,poly_sketch,0.01,2.7202048301696777,rademacher,1.0,0.1403999924659729,653.5504150390625,0.09000000357627869,0.06909225136041641,0.39734914898872375,0.009901979006826878
2048.0,0.875,0.0,FashionMNIST,10.0,None,0.19082856178283691,0.0,0.18460115790367126,0.06215215101838112,0.10237156599760056,2.8284270763397217,3.895010232925415,poly_sketch,0.01,0.9851109981536865,srht,1.0,0.14329999685287476,1706.5859375,0.09000000357627869,0.17768800258636475,0.41868460178375244,0.017861228436231613
2048.0,0.875,1.0,FashionMNIST,10.0,None,0.47028255462646484,0.0,0.13947001099586487,0.024301014840602875,0.064012311398983,2.8284270763397217,3.895010232925415,poly_sketch,0.01,2.719708204269409,srht,1.0,0.13439999520778656,636.6608276367188,0.09000000357627869,0.0672544613480568,0.3974913954734802,0.009831588715314865
2048.0,0.875,0.0,FashionMNIST,10.0,None,0.17155051231384277,0.0,2.3746533393859863,5.930583477020264,1.0,2.8284270763397217,3.895010232925415,poly_sketch,0.01,1.057701587677002,countsketch_scatter,1.0,0.8999999761581421,132912.71875,0.09000000357627869,3.9045305252075195,2.3025856018066406,0.18005600571632385
3072.0,0.875,0.0,FashionMNIST,10.0,None,0.5738646984100342,0.0,0.15748323500156403,0.04180010408163071,0.08395373076200485,2.8284270763397217,3.895010232925415,poly_sketch,0.01,1.8235094547271729,rademacher,1.0,0.1394999921321869,1282.059326171875,0.09000000357627869,0.13625535368919373,0.40500959753990173,0.012067805044353008
3072.0,0.875,1.0,FashionMNIST,10.0,None,2.0891153812408447,0.0,0.05157139524817467,0.004205966833978891,0.02663080021739006,2.8284270763397217,3.895010232925415,poly_sketch,0.01,5.878098011016846,rademacher,1.0,0.1347000002861023,423.7869567871094,0.09000000357627869,0.04738306626677513,0.3856581449508667,0.005439202766865492
3072.0,0.875,0.0,FashionMNIST,10.0,None,0.2767620086669922,0.0,0.1536542773246765,0.035149890929460526,0.07698627561330795,2.8284270763397217,3.895010232925415,poly_sketch,0.01,1.8240833282470703,srht,1.0,0.14069999754428864,1231.9129638671875,0.09000000357627869,0.1349339783191681,0.40489599108695984,0.012008742429316044
3072.0,0.875,1.0,FashionMNIST,10.0,None,0.6998374462127686,0.0,0.05043919384479523,0.004057611338794231,0.026156915351748466,2.8284270763397217,3.895010232925415,poly_sketch,0.01,5.8775999546051025,srht,1.0,0.13259999454021454,451.4811096191406,0.09000000357627869,0.04982861876487732,0.38399365544319153,0.005218561738729477
3072.0,0.875,0.0,FashionMNIST,10.0,None,0.23729896545410156,0.0,2.3746533393859863,5.930583477020264,1.0,2.8284270763397217,3.895010232925415,poly_sketch,0.01,1.937598466873169,countsketch_scatter,1.0,0.8999999761581421,132912.71875,0.09000000357627869,3.9045305252075195,2.3025856018066406,0.18005600571632385
4096.0,0.875,0.0,FashionMNIST,10.0,None,0.7596831321716309,0.0,0.17252232134342194,0.045203350484371185,0.0873044952750206,2.8284270763397217,3.895010232925415,poly_sketch,0.01,3.0299315452575684,rademacher,1.0,0.1354999989271164,1036.8299560546875,0.09000000357627869,0.11372896283864975,0.39707499742507935,0.008874023333191872
4096.0,0.875,1.0,FashionMNIST,10.0,None,2.776541233062744,0.0,0.05662715062499046,0.005012582056224346,0.0290724765509367,2.8284270763397217,3.895010232925415,poly_sketch,0.01,10.258268117904663,rademacher,1.0,0.13019999861717224,327.85113525390625,0.09000000357627869,0.03753100335597992,0.3793036937713623,0.003494446398690343
4096.0,0.875,0.0,FashionMNIST,10.0,None,0.3622317314147949,0.0,0.14102809131145477,0.03345489874482155,0.07510712742805481,2.8284270763397217,3.895010232925415,poly_sketch,0.01,3.0305335521698,srht,1.0,0.1363999992609024,1023.6878051757812,0.09000000357627869,0.11220550537109375,0.39777058362960815,0.009456053376197815
4096.0,0.875,1.0,FashionMNIST,10.0,None,0.9276416301727295,0.0,0.047579340636730194,0.003620399395003915,0.02470754273235798,2.8284270763397217,3.895010232925415,poly_sketch,0.01,10.253811120986938,srht,1.0,0.13130000233650208,320.5757141113281,0.09000000357627869,0.03710845112800598,0.37742552161216736,0.0033690251875668764
4096.0,0.875,0.0,FashionMNIST,10.0,None,0.30154943466186523,0.0,2.3746533393859863,5.930583477020264,1.0,2.8284270763397217,3.895010232925415,poly_sketch,0.01,3.179114818572998,countsketch_scatter,1.0,0.8999999761581421,132912.71875,0.09000000357627869,3.9045305252075195,2.3025856018066406,0.18005600571632385
5120.0,0.875,0.0,FashionMNIST,10.0,None,0.9476046562194824,0.0,0.10625094175338745,0.020266788080334663,0.05845797434449196,2.8284270763397217,3.895010232925415,poly_sketch,0.01,4.627928256988525,rademacher,1.0,0.1347000002861023,864.4864501953125,0.09000000357627869,0.09611907601356506,0.3900147080421448,0.005959118716418743
5120.0,0.875,1.0,FashionMNIST,10.0,None,3.467047929763794,0.0,0.08063610643148422,0.00839682761579752,0.03762780874967575,2.8284270763397217,3.895010232925415,poly_sketch,0.01,15.925172805786133,rademacher,1.0,0.12809999287128448,278.8261413574219,0.09000000357627869,0.03184306621551514,0.3736196756362915,0.0026767614763230085
5120.0,0.875,0.0,FashionMNIST,10.0,None,0.4488496780395508,0.0,0.11611276119947433,0.020075766369700432,0.058181826025247574,2.8284270763397217,3.895010232925415,poly_sketch,0.01,4.6276257038116455,srht,1.0,0.13409999012947083,851.9201049804688,0.09000000357627869,0.09240176528692245,0.38855525851249695,0.007214341778308153
5120.0,0.875,1.0,FashionMNIST,10.0,None,1.1586639881134033,0.0,0.04966200143098831,0.004213747568428516,0.026655420660972595,2.8284270763397217,3.895010232925415,poly_sketch,0.01,15.90235447883606,srht,1.0,0.12789998948574066,269.7897644042969,0.09000000357627869,0.03167968615889549,0.37451672554016113,0.0022435623686760664
5120.0,0.875,0.0,FashionMNIST,10.0,None,0.40337133407592773,0.0,2.3746533393859863,5.930583477020264,1.0,2.8284270763397217,3.895010232925415,poly_sketch,0.01,4.818928241729736,countsketch_scatter,1.0,0.8999999761581421,132912.71875,0.09000000357627869,3.9045305252075195,2.3025856018066406,0.18005600571632385
6144.0,0.875,0.0,FashionMNIST,10.0,None,1.1307814121246338,0.0,0.0795084536075592,0.01027755532413721,0.04162902012467384,2.8284270763397217,3.895010232925415,poly_sketch,0.01,6.439997434616089,rademacher,1.0,0.13030000030994415,719.2548217773438,0.09000000357627869,0.08152089267969131,0.38578349351882935,0.004553937818855047
6144.0,0.875,0.0,FashionMNIST,10.0,None,0.5326409339904785,0.0,0.0903581827878952,0.0154678700491786,0.05107008293271065,2.8284270763397217,3.895010232925415,poly_sketch,0.01,6.444822072982788,srht,1.0,0.13409999012947083,762.2631225585938,0.09000000357627869,0.0855119377374649,0.3900531530380249,0.005342097021639347
6144.0,0.875,0.0,FashionMNIST,10.0,None,0.40484023094177246,0.0,2.3746533393859863,5.930583477020264,1.0,2.8284270763397217,3.895010232925415,poly_sketch,0.01,6.675222873687744,countsketch_scatter,1.0,0.8999999761581421,132912.71875,0.09000000357627869,3.9045305252075195,2.3025856018066406,0.18005600571632385
7168.0,0.875,0.0,FashionMNIST,10.0,None,1.3177640438079834,0.0,0.14178532361984253,0.02936702035367489,0.07036897540092468,2.8284270763397217,3.895010232925415,poly_sketch,0.01,8.574779748916626,rademacher,1.0,0.13050000369548798,682.0689697265625,0.09000000357627869,0.07821203023195267,0.38612595200538635,0.003987072501331568
7168.0,0.875,0.0,FashionMNIST,10.0,None,0.62129807472229,0.0,0.08134668320417404,0.011261194944381714,0.04357561469078064,2.8284270763397217,3.895010232925415,poly_sketch,0.01,8.573960781097412,srht,1.0,0.13499999046325684,661.9172973632812,0.09000000357627869,0.0749703124165535,0.38534459471702576,0.004072424024343491
7168.0,0.875,0.0,FashionMNIST,10.0,None,0.4585714340209961,0.0,2.3746533393859863,5.930583477020264,1.0,2.8284270763397217,3.895010232925415,poly_sketch,0.01,8.855118036270142,countsketch_scatter,1.0,0.8999999761581421,132912.71875,0.09000000357627869,3.9045305252075195,2.3025856018066406,0.18005600571632385
8192.0,0.875,0.0,FashionMNIST,10.0,None,1.5024898052215576,0.0,0.11938133835792542,0.022339975461363792,0.06137516349554062,2.8284270763397217,3.895010232925415,poly_sketch,0.01,11.145897150039673,rademacher,1.0,0.13099999725818634,629.0316772460938,0.09000000357627869,0.06873053312301636,0.37895920872688293,0.004431107547134161
8192.0,0.875,0.0,FashionMNIST,10.0,None,0.7064852714538574,0.0,0.07994493097066879,0.01061527244746685,0.042307451367378235,2.8284270763397217,3.895010232925415,poly_sketch,0.01,11.147611618041992,srht,1.0,0.12999999523162842,617.4118041992188,0.09000000357627869,0.06992603093385696,0.3839586675167084,0.0036411285400390625
8192.0,0.875,0.0,FashionMNIST,10.0,None,0.540355920791626,0.0,2.3746533393859863,5.930583477020264,1.0,2.8284270763397217,3.895010232925415,poly_sketch,0.01,11.45939326286316,countsketch_scatter,1.0,0.8999999761581421,132912.71875,0.09000000357627869,3.9045305252075195,2.3025856018066406,0.18005600571632385
9216.0,0.875,0.0,FashionMNIST,10.0,None,1.6886043548583984,0.0,0.12104327976703644,0.023983869701623917,0.06359323114156723,2.8284270763397217,3.895010232925415,poly_sketch,0.01,14.153056859970093,rademacher,1.0,0.1290999948978424,527.937255859375,0.09000000357627869,0.06058823689818382,0.3770309090614319,0.0029875007458031178
9216.0,0.875,0.0,FashionMNIST,10.0,None,0.849372386932373,0.0,0.16933117806911469,0.04341413453221321,0.08555923402309418,2.8284270763397217,3.895010232925415,poly_sketch,0.01,14.157050848007202,srht,1.0,0.1289999932050705,592.6661987304688,0.09000000357627869,0.06724361330270767,0.37868210673332214,0.003161438275128603
9216.0,0.875,0.0,FashionMNIST,10.0,None,0.6324357986450195,0.0,2.3746533393859863,5.930583477020264,1.0,2.8284270763397217,3.895010232925415,poly_sketch,0.01,14.526653289794922,countsketch_scatter,1.0,0.8999999761581421,132912.71875,0.09000000357627869,3.9045305252075195,2.3025856018066406,0.18005600571632385
10240.0,0.875,0.0,FashionMNIST,10.0,None,1.875676155090332,0.0,0.11063709855079651,0.01845133677124977,0.05577829107642174,2.8284270763397217,3.895010232925415,poly_sketch,0.01,17.3485746383667,rademacher,1.0,0.12879998981952667,508.6521911621094,0.09000000357627869,0.05748690664768219,0.3760544955730438,0.003367779543623328
10240.0,0.875,0.0,FashionMNIST,10.0,None,0.9443840980529785,0.0,0.0653456598520279,0.007282806094735861,0.03504295274615288,2.8284270763397217,3.895010232925415,poly_sketch,0.01,17.367290019989014,srht,1.0,0.13030000030994415,503.81329345703125,0.09000000357627869,0.05793827027082443,0.375216543674469,0.0024276268668472767
10240.0,0.875,0.0,FashionMNIST,10.0,None,0.6930689811706543,0.0,2.3746533393859863,5.930583477020264,1.0,2.8284270763397217,3.895010232925415,poly_sketch,0.01,17.827824592590332,countsketch_scatter,1.0,0.8999999761581421,132912.71875,0.09000000357627869,3.9045305252075195,2.3025856018066406,0.18005600571632385
1024.0,0.875,0.0,FashionMNIST,10.0,None,0.20134210586547852,0.0,0.19664810597896576,0.06275355815887451,0.10323062539100647,2.8284270763397217,3.895010232925415,poly_sketch,0.01,0.25714612007141113,rademacher,2.0,0.15399999916553497,2843.651123046875,0.09000000357627869,0.2724839746952057,0.44770604372024536,0.034795764833688736
1024.0,0.875,1.0,FashionMNIST,10.0,None,0.7093968391418457,0.0,0.09693644195795059,0.014437515288591385,0.04951486736536026,2.8284270763397217,3.895010232925415,poly_sketch,0.01,0.7670979499816895,rademacher,2.0,0.14749999344348907,1253.1090087890625,0.09000000357627869,0.12134294956922531,0.42504721879959106,0.022448495030403137
1024.0,0.875,0.0,FashionMNIST,10.0,None,0.09349656105041504,0.0,0.547153115272522,0.482444703578949,0.2862287163734436,2.8284270763397217,3.895010232925415,poly_sketch,0.01,0.2565040588378906,srht,2.0,0.1574999988079071,2974.86669921875,0.09000000357627869,0.2890707850456238,0.4549280107021332,0.03450026735663414
1024.0,0.875,1.0,FashionMNIST,10.0,None,0.2383289337158203,0.0,0.08749079704284668,0.012425639666616917,0.045935533940792084,2.8284270763397217,3.895010232925415,poly_sketch,0.01,0.7665083408355713,srht,2.0,0.14659999310970306,1275.0291748046875,0.09000000357627869,0.12081243097782135,0.4205712676048279,0.02264716662466526
1024.0,0.875,0.0,FashionMNIST,10.0,None,0.10680794715881348,0.0,2.3653697967529297,5.888723850250244,1.0,2.8284270763397217,3.895010232925415,poly_sketch,0.01,0.2925601005554199,countsketch_scatter,2.0,0.8995999693870544,133453.875,0.09000000357627869,3.9229443073272705,2.3025856018066406,0.17364539206027985
2048.0,0.875,0.0,FashionMNIST,10.0,None,0.3894197940826416,0.0,0.19967098534107208,0.07536695897579193,0.11313055455684662,2.8284270763397217,3.895010232925415,poly_sketch,0.01,0.9758522510528564,rademacher,2.0,0.14459998905658722,1686.1898193359375,0.09000000357627869,0.17341257631778717,0.4137613773345947,0.01629427820444107
2048.0,0.875,1.0,FashionMNIST,10.0,None,1.398735761642456,0.0,0.10615655779838562,0.016905227676033974,0.053579654544591904,2.8284270763397217,3.895010232925415,poly_sketch,0.01,2.7191851139068604,rademacher,2.0,0.13759998977184296,671.0867309570312,0.09000000357627869,0.06945911049842834,0.3966778814792633,0.009875591844320297
2048.0,0.875,0.0,FashionMNIST,10.0,None,0.19130158424377441,0.0,0.201358363032341,0.05959363281726837,0.10059799253940582,2.8284270763397217,3.895010232925415,poly_sketch,0.01,0.9748311042785645,srht,2.0,0.14319999516010284,1770.7017822265625,0.09000000357627869,0.17683735489845276,0.4186413884162903,0.0194295234978199
2048.0,0.875,1.0,FashionMNIST,10.0,None,0.47175121307373047,0.0,0.09633638709783554,0.01402752660214901,0.048806753009557724,2.8284270763397217,3.895010232925415,poly_sketch,0.01,2.7209012508392334,srht,2.0,0.13729999959468842,635.5460815429688,0.09000000357627869,0.0676378682255745,0.39746636152267456,0.008657926693558693
2048.0,0.875,0.0,FashionMNIST,10.0,None,0.17166471481323242,0.0,2.3653697967529297,5.888723850250244,1.0,2.8284270763397217,3.895010232925415,poly_sketch,0.01,1.0395350456237793,countsketch_scatter,2.0,0.8999999761581421,133419.609375,0.09000000357627869,3.9229443073272705,2.3025856018066406,0.17364539206027985
3072.0,0.875,0.0,FashionMNIST,10.0,None,0.5738170146942139,0.0,0.137973353266716,0.030026620253920555,0.07140730321407318,2.8284270763397217,3.895010232925415,poly_sketch,0.01,1.8239855766296387,rademacher,2.0,0.13920000195503235,1257.9207763671875,0.09000000357627869,0.13277415931224823,0.4015905261039734,0.012459647841751575
3072.0,0.875,1.0,FashionMNIST,10.0,None,2.089780569076538,0.0,0.07776706665754318,0.009043301455676556,0.03918797895312309,2.8284270763397217,3.895010232925415,poly_sketch,0.01,5.8771071434021,rademacher,2.0,0.1314999908208847,424.4210510253906,0.09000000357627869,0.04671761766076088,0.3816497027873993,0.005028769839555025
3072.0,0.875,0.0,FashionMNIST,10.0,None,0.2762274742126465,0.0,0.10892219096422195,0.018783945590257645,0.05647845193743706,2.8284270763397217,3.895010232925415,poly_sketch,0.01,1.8232014179229736,srht,2.0,0.1410999894142151,1253.216796875,0.09000000357627869,0.13352379202842712,0.4046153128147125,0.01216032449156046
3072.0,0.875,1.0,FashionMNIST,10.0,None,0.6990978717803955,0.0,0.11952944099903107,0.019818466156721115,0.05801288038492203,2.8284270763397217,3.895010232925415,poly_sketch,0.01,5.877213954925537,srht,2.0,0.13210000097751617,431.058837890625,0.09000000357627869,0.04880233108997345,0.38344040513038635,0.004581292625516653
3072.0,0.875,0.0,FashionMNIST,10.0,None,0.2368793487548828,0.0,2.3653697967529297,5.888723850250244,1.0,2.8284270763397217,3.895010232925415,poly_sketch,0.01,1.9488446712493896,countsketch_scatter,2.0,0.8999999761581421,133419.609375,0.09000000357627869,3.9229443073272705,2.3025856018066406,0.17364539206027985
4096.0,0.875,0.0,FashionMNIST,10.0,None,0.7598321437835693,0.0,0.20003263652324677,0.055186331272125244,0.09680663794279099,2.8284270763397217,3.895010232925415,poly_sketch,0.01,3.0293455123901367,rademacher,2.0,0.13679999113082886,1056.8758544921875,0.09000000357627869,0.1106637641787529,0.3987281620502472,0.00960721354931593
4096.0,0.875,1.0,FashionMNIST,10.0,None,2.7777678966522217,0.0,0.05524246022105217,0.004845629446208477,0.028685634955763817,2.8284270763397217,3.895010232925415,poly_sketch,0.01,10.25687289237976,rademacher,2.0,0.12999999523162842,349.0581970214844,0.09000000357627869,0.03928833827376366,0.3780452013015747,0.0034462211187928915
4096.0,0.875,0.0,FashionMNIST,10.0,None,0.361987829208374,0.0,0.12839275598526,0.033518027514219284,0.07544468343257904,2.8284270763397217,3.895010232925415,poly_sketch,0.01,3.0306220054626465,srht,2.0,0.13619999587535858,1034.0299072265625,0.09000000357627869,0.11300043016672134,0.39750128984451294,0.007728930562734604
4096.0,0.875,1.0,FashionMNIST,10.0,None,0.9263415336608887,0.0,0.051881611347198486,0.00458987383171916,0.02791835181415081,2.8284270763397217,3.895010232925415,poly_sketch,0.01,10.253082513809204,srht,2.0,0.13239999115467072,337.9008483886719,0.09000000357627869,0.03815803676843643,0.3800312876701355,0.0032749255187809467
4096.0,0.875,0.0,FashionMNIST,10.0,None,0.30165529251098633,0.0,2.3653697967529297,5.888723850250244,1.0,2.8284270763397217,3.895010232925415,poly_sketch,0.01,3.182119607925415,countsketch_scatter,2.0,0.8999999761581421,133419.609375,0.09000000357627869,3.9229443073272705,2.3025856018066406,0.17364539206027985
5120.0,0.875,0.0,FashionMNIST,10.0,None,0.947516679763794,0.0,0.09568168967962265,0.01732046715915203,0.054233696311712265,2.8284270763397217,3.895010232925415,poly_sketch,0.01,4.63144850730896,rademacher,2.0,0.13529999554157257,871.8099975585938,0.09000000357627869,0.09631999582052231,0.39569348096847534,0.005824737250804901
5120.0,0.875,1.0,FashionMNIST,10.0,None,3.4665017127990723,0.0,0.08369346708059311,0.0103512704372406,0.041926268488168716,2.8284270763397217,3.895010232925415,poly_sketch,0.01,15.928239583969116,rademacher,2.0,0.1289999932050705,270.60113525390625,0.09000000357627869,0.03154298663139343,0.37320515513420105,0.0019917739555239677
5120.0,0.875,0.0,FashionMNIST,10.0,None,0.4499397277832031,0.0,0.2561151087284088,0.11908253282308578,0.14220453798770905,2.8284270763397217,3.895010232925415,poly_sketch,0.01,4.621770143508911,srht,2.0,0.13379999995231628,858.1728515625,0.09000000357627869,0.09583507478237152,0.39159131050109863,0.005619055591523647
5120.0,0.875,1.0,FashionMNIST,10.0,None,1.1589500904083252,0.0,0.03844844922423363,0.0024074011016637087,0.020219184458255768,2.8284270763397217,3.895010232925415,poly_sketch,0.01,15.905834436416626,srht,2.0,0.12870000302791595,274.1288146972656,0.09000000357627869,0.03140344098210335,0.37477391958236694,0.0022640516981482506
5120.0,0.875,0.0,FashionMNIST,10.0,None,0.36445021629333496,0.0,2.3653697967529297,5.888723850250244,1.0,2.8284270763397217,3.895010232925415,poly_sketch,0.01,4.805841445922852,countsketch_scatter,2.0,0.8999999761581421,133419.609375,0.09000000357627869,3.9229443073272705,2.3025856018066406,0.17364539206027985
6144.0,0.875,0.0,FashionMNIST,10.0,None,1.1311280727386475,0.0,0.10424201935529709,0.018389146775007248,0.05588177591562271,2.8284270763397217,3.895010232925415,poly_sketch,0.01,6.439959526062012,rademacher,2.0,0.13269999623298645,765.7918090820312,0.09000000357627869,0.08576392382383347,0.38527944684028625,0.004463227931410074
6144.0,0.875,0.0,FashionMNIST,10.0,None,0.5311534404754639,0.0,0.13168880343437195,0.03105892241001129,0.07262440025806427,2.8284270763397217,3.895010232925415,poly_sketch,0.01,6.442356586456299,srht,2.0,0.13439999520778656,770.1122436523438,0.09000000357627869,0.08503405749797821,0.38771599531173706,0.004709535278379917
6144.0,0.875,0.0,FashionMNIST,10.0,None,0.40564513206481934,0.0,2.3653697967529297,5.888723850250244,1.0,2.8284270763397217,3.895010232925415,poly_sketch,0.01,6.67915678024292,countsketch_scatter,2.0,0.8999999761581421,133419.609375,0.09000000357627869,3.9229443073272705,2.3025856018066406,0.17364539206027985
7168.0,0.875,0.0,FashionMNIST,10.0,None,1.317673683166504,0.0,0.20067912340164185,0.05831772834062576,0.09951526671648026,2.8284270763397217,3.895010232925415,poly_sketch,0.01,8.578356742858887,rademacher,2.0,0.13210000097751617,669.9202270507812,0.09000000357627869,0.07191245257854462,0.385487824678421,0.004811481107026339
7168.0,0.875,0.0,FashionMNIST,10.0,None,0.6201162338256836,0.0,0.09180810302495956,0.015352529473602772,0.05105983093380928,2.8284270763397217,3.895010232925415,poly_sketch,0.01,8.576718091964722,srht,2.0,0.13120000064373016,687.153076171875,0.09000000357627869,0.07707278430461884,0.3853341042995453,0.003935370594263077
7168.0,0.875,0.0,FashionMNIST,10.0,None,0.45800065994262695,0.0,2.3653697967529297,5.888723850250244,1.0,2.8284270763397217,3.895010232925415,poly_sketch,0.01,8.856209754943848,countsketch_scatter,2.0,0.8999999761581421,133419.609375,0.09000000357627869,3.9229443073272705,2.3025856018066406,0.17364539206027985
8192.0,0.875,0.0,FashionMNIST,10.0,None,1.5031402111053467,0.0,0.08961661905050278,0.012676652520895004,0.046397190541028976,2.8284270763397217,3.895010232925415,poly_sketch,0.01,11.135825872421265,rademacher,2.0,0.13099999725818634,592.590576171875,0.09000000357627869,0.06595706939697266,0.38057079911231995,0.0040399786084890366
8192.0,0.875,0.0,FashionMNIST,10.0,None,0.7071185111999512,0.0,0.16480714082717896,0.047759804874658585,0.09005765616893768,2.8284270763397217,3.895010232925415,poly_sketch,0.01,11.137359857559204,srht,2.0,0.13220000267028809,641.6339721679688,0.09000000357627869,0.0725855901837349,0.3812749981880188,0.003260319819673896
8192.0,0.875,0.0,FashionMNIST,10.0,None,0.5016977787017822,0.0,2.3653697967529297,5.888723850250244,1.0,2.8284270763397217,3.895010232925415,poly_sketch,0.01,11.466145515441895,countsketch_scatter,2.0,0.8999999761581421,133419.609375,0.09000000357627869,3.9229443073272705,2.3025856018066406,0.17364539206027985
9216.0,0.875,0.0,FashionMNIST,10.0,None,1.68869948387146,0.0,0.10606523603200912,0.019190572202205658,0.05708649381995201,2.8284270763397217,3.895010232925415,poly_sketch,0.01,14.151227951049805,rademacher,2.0,0.13130000233650208,563.5177612304688,0.09000000357627869,0.0633135661482811,0.3812638819217682,0.0034026028588414192
9216.0,0.875,0.0,FashionMNIST,10.0,None,0.7905886173248291,0.0,0.0667162612080574,0.007427801378071308,0.03551563248038292,2.8284270763397217,3.895010232925415,poly_sketch,0.01,14.150034427642822,srht,2.0,0.13050000369548798,562.2982788085938,0.09000000357627869,0.06157546117901802,0.37693873047828674,0.0034726725425571203
9216.0,0.875,0.0,FashionMNIST,10.0,None,0.6018610000610352,0.0,2.3653697967529297,5.888723850250244,1.0,2.8284270763397217,3.895010232925415,poly_sketch,0.01,14.509758234024048,countsketch_scatter,2.0,0.8999999761581421,133419.609375,0.09000000357627869,3.9229443073272705,2.3025856018066406,0.17364539206027985
10240.0,0.875,0.0,FashionMNIST,10.0,None,1.8756935596466064,0.0,0.08162707090377808,0.011359860189259052,0.043921370059251785,2.8284270763397217,3.895010232925415,poly_sketch,0.01,17.355050563812256,rademacher,2.0,0.13040000200271606,520.6712036132812,0.09000000357627869,0.05817105248570442,0.3801904618740082,0.002853039186447859
10240.0,0.875,0.0,FashionMNIST,10.0,None,1.0078625679016113,0.0,0.11613045632839203,0.02088465727865696,0.05955291911959648,2.8284270763397217,3.895010232925415,poly_sketch,0.01,17.357078075408936,srht,2.0,0.1305999904870987,527.8525390625,0.09000000357627869,0.05925669148564339,0.37668848037719727,0.002844537841156125
10240.0,0.875,0.0,FashionMNIST,10.0,None,0.6914052963256836,0.0,2.3653697967529297,5.888723850250244,1.0,2.8284270763397217,3.895010232925415,poly_sketch,0.01,17.828190803527832,countsketch_scatter,2.0,0.8999999761581421,133419.609375,0.09000000357627869,3.9229443073272705,2.3025856018066406,0.17364539206027985
1024.0,0.875,0.0,FashionMNIST,10.0,None,0.20128726959228516,0.0,0.22159381210803986,0.08175849914550781,0.11777008324861526,2.8284270763397217,3.895010232925415,poly_sketch,0.01,0.2574164867401123,rademacher,3.0,0.1525999903678894,2827.313232421875,0.09000000357627869,0.27816611528396606,0.4469440281391144,0.03758006915450096
1024.0,0.875,1.0,FashionMNIST,10.0,None,0.7100241184234619,0.0,0.1595783829689026,0.039196792989969254,0.08154433965682983,2.8284270763397217,3.895010232925415,poly_sketch,0.01,0.7656404972076416,rademacher,3.0,0.14499999582767487,1123.960205078125,0.09000000357627869,0.11497943103313446,0.421403706073761,0.02027631737291813
1024.0,0.875,0.0,FashionMNIST,10.0,None,0.0959780216217041,0.0,0.26680752635002136,0.10909300297498703,0.1360401064157486,2.8284270763397217,3.895010232925415,poly_sketch,0.01,0.25629281997680664,srht,3.0,0.15600000321865082,2784.149658203125,0.09000000357627869,0.2724568247795105,0.4512050747871399,0.037067025899887085
1024.0,0.875,1.0,FashionMNIST,10.0,None,0.23813343048095703,0.0,0.11010099202394485,0.021556049585342407,0.06047183275222778,2.8284270763397217,3.895010232925415,poly_sketch,0.01,0.7660541534423828,srht,3.0,0.1444000005722046,1168.30322265625,0.09000000357627869,0.11554054170846939,0.4198160171508789,0.0228034146130085
1024.0,0.875,0.0,FashionMNIST,10.0,None,0.11003351211547852,0.0,2.367100715637207,5.894716739654541,1.0,2.8284270763397217,3.895010232925415,poly_sketch,0.01,0.2927584648132324,countsketch_scatter,3.0,0.8996999859809875,133148.046875,0.09000000357627869,3.9087729454040527,2.3025856018066406,0.184034064412117
2048.0,0.875,0.0,FashionMNIST,10.0,None,0.38940906524658203,0.0,0.2871250808238983,0.12892034649848938,0.1478867530822754,2.8284270763397217,3.895010232925415,poly_sketch,0.01,0.9672195911407471,rademacher,3.0,0.14829999208450317,1738.6907958984375,0.09000000357627869,0.1776573359966278,0.42444324493408203,0.020962700247764587
2048.0,0.875,1.0,FashionMNIST,10.0,None,1.3990261554718018,0.0,0.1710018366575241,0.04134758561849594,0.08375169336795807,2.8284270763397217,3.895010232925415,poly_sketch,0.01,2.7204391956329346,rademacher,3.0,0.13599999248981476,687.5516967773438,0.09000000357627869,0.07023970782756805,0.40008705854415894,0.011080280877649784
2048.0,0.875,0.0,FashionMNIST,10.0,None,0.19114279747009277,0.0,0.16423435509204865,0.04185733199119568,0.08426637947559357,2.8284270763397217,3.895010232925415,poly_sketch,0.01,0.958209753036499,srht,3.0,0.1444000005722046,1645.1888427734375,0.09000000357627869,0.17657901346683502,0.420166015625,0.01796477660536766
2048.0,0.875,1.0,FashionMNIST,10.0,None,0.47119927406311035,0.0,0.05731340870261192,0.005334756337106228,0.030083324760198593,2.8284270763397217,3.895010232925415,poly_sketch,0.01,2.720017910003662,srht,3.0,0.13589999079704285,631.0570678710938,0.09000000357627869,0.06822213530540466,0.3927561938762665,0.009138022549450397
2048.0,0.875,0.0,FashionMNIST,10.0,None,0.17133092880249023,0.0,2.367100715637207,5.894716739654541,1.0,2.8284270763397217,3.895010232925415,poly_sketch,0.01,1.0586397647857666,countsketch_scatter,3.0,0.8999999761581421,132748.171875,0.09000000357627869,3.9087729454040527,2.3025856018066406,0.184034064412117
3072.0,0.875,0.0,FashionMNIST,10.0,None,0.5739495754241943,0.0,0.14787067472934723,0.03749598562717438,0.07975555211305618,2.8284270763397217,3.895010232925415,poly_sketch,0.01,1.8220701217651367,rademacher,3.0,0.13819999992847443,1292.0975341796875,0.09000000357627869,0.13657435774803162,0.40950581431388855,0.012771718204021454
3072.0,0.875,1.0,FashionMNIST,10.0,None,2.0896148681640625,0.0,0.058625902980566025,0.005357195157557726,0.030146524310112,2.8284270763397217,3.895010232925415,poly_sketch,0.01,5.877651929855347,rademacher,3.0,0.13319998979568481,423.9576110839844,0.09000000357627869,0.048287566751241684,0.38372448086738586,0.004620426334440708
3072.0,0.875,0.0,FashionMNIST,10.0,None,0.2753715515136719,0.0,0.23839209973812103,0.12134918570518494,0.14347854256629944,2.8284270763397217,3.895010232925415,poly_sketch,0.01,1.8232288360595703,srht,3.0,0.1387999951839447,1235.239990234375,0.09000000357627869,0.1319417804479599,0.40782997012138367,0.011823045089840889
3072.0,0.875,1.0,FashionMNIST,10.0,None,0.6985149383544922,0.0,0.13822956383228302,0.025528140366077423,0.06580791622400284,2.8284270763397217,3.895010232925415,poly_sketch,0.01,5.877506971359253,srht,3.0,0.13379999995231628,430.95294189453125,0.09000000357627869,0.04854539409279823,0.385938435792923,0.0049499948509037495
3072.0,0.875,0.0,FashionMNIST,10.0,None,0.2377305030822754,0.0,2.367100715637207,5.894716739654541,1.0,2.8284270763397217,3.895010232925415,poly_sketch,0.01,1.9363634586334229,countsketch_scatter,3.0,0.8999999761581421,132748.171875,0.09000000357627869,3.9087729454040527,2.3025856018066406,0.184034064412117
4096.0,0.875,0.0,FashionMNIST,10.0,None,0.7595493793487549,0.0,0.1173831969499588,0.0240730382502079,0.06390487402677536,2.8284270763397217,3.895010232925415,poly_sketch,0.01,3.0306663513183594,rademacher,3.0,0.1347000002861023,969.9137573242188,0.09000000357627869,0.10913651436567307,0.39342978596687317,0.007368858437985182
4096.0,0.875,1.0,FashionMNIST,10.0,None,2.77648663520813,0.0,0.07824520766735077,0.009730976074934006,0.04062999412417412,2.8284270763397217,3.895010232925415,poly_sketch,0.01,10.255671977996826,rademacher,3.0,0.13179999589920044,328.556884765625,0.09000000357627869,0.03794502839446068,0.3809492886066437,0.0034344170708209276
4096.0,0.875,0.0,FashionMNIST,10.0,None,0.36253976821899414,0.0,0.14146657288074493,0.029231170192360878,0.07041928917169571,2.8284270763397217,3.895010232925415,poly_sketch,0.01,3.031236171722412,srht,3.0,0.13539999723434448,1001.5026245117188,0.09000000357627869,0.110317163169384,0.3929916322231293,0.009271577931940556
4096.0,0.875,1.0,FashionMNIST,10.0,None,0.9261720180511475,0.0,0.0961960181593895,0.01500138733536005,0.05044687166810036,2.8284270763397217,3.895010232925415,poly_sketch,0.01,10.2533597946167,srht,3.0,0.13169999420642853,322.8913879394531,0.09000000357627869,0.03795015066862106,0.3786713182926178,0.003371828468516469
4096.0,0.875,0.0,FashionMNIST,10.0,None,0.30139994621276855,0.0,2.367100715637207,5.894716739654541,1.0,2.8284270763397217,3.895010232925415,poly_sketch,0.01,3.180985450744629,countsketch_scatter,3.0,0.8999999761581421,132748.171875,0.09000000357627869,3.9087729454040527,2.3025856018066406,0.184034064412117
5120.0,0.875,0.0,FashionMNIST,10.0,None,0.9479579925537109,0.0,0.14223775267601013,0.033651966601610184,0.07555682957172394,2.8284270763397217,3.895010232925415,poly_sketch,0.01,4.6264612674713135,rademacher,3.0,0.13539999723434448,855.3277587890625,0.09000000357627869,0.09496523439884186,0.38965243101119995,0.006712791509926319
5120.0,0.875,1.0,FashionMNIST,10.0,None,3.4667751789093018,0.0,0.04282788559794426,0.002791384933516383,0.021760977804660797,2.8284270763397217,3.895010232925415,poly_sketch,0.01,15.921947717666626,rademacher,3.0,0.12709999084472656,269.3524475097656,0.09000000357627869,0.03240932151675224,0.37398412823677063,0.0020652180537581444
5120.0,0.875,0.0,FashionMNIST,10.0,None,0.4498462677001953,0.0,0.10180564224720001,0.016871757805347443,0.05349937453866005,2.8284270763397217,3.895010232925415,poly_sketch,0.01,4.625041961669922,srht,3.0,0.13179999589920044,840.2374877929688,0.09000000357627869,0.09595271944999695,0.38901132345199585,0.006692788563668728
5120.0,0.875,1.0,FashionMNIST,10.0,None,1.1591155529022217,0.0,0.038190633058547974,0.002395138144493103,0.02015736885368824,2.8284270763397217,3.895010232925415,poly_sketch,0.01,15.90032172203064,srht,3.0,0.1282999962568283,275.8058166503906,0.09000000357627869,0.03278714418411255,0.3744363486766815,0.0022854602430015802
5120.0,0.875,0.0,FashionMNIST,10.0,None,0.4039452075958252,0.0,2.367100715637207,5.894716739654541,1.0,2.8284270763397217,3.895010232925415,poly_sketch,0.01,4.818340301513672,countsketch_scatter,3.0,0.8999999761581421,132748.171875,0.09000000357627869,3.9087729454040527,2.3025856018066406,0.184034064412117
6144.0,0.875,0.0,FashionMNIST,10.0,None,1.1314361095428467,0.0,0.0957711786031723,0.015148086473345757,0.05069293454289436,2.8284270763397217,3.895010232925415,poly_sketch,0.01,6.441854953765869,rademacher,3.0,0.13120000064373016,737.5480346679688,0.09000000357627869,0.08286932110786438,0.38723915815353394,0.005848558619618416
6144.0,0.875,0.0,FashionMNIST,10.0,None,0.5316405296325684,0.0,0.09169621765613556,0.013896309770643711,0.04855325073003769,2.8284270763397217,3.895010232925415,poly_sketch,0.01,6.443240642547607,srht,3.0,0.1322999894618988,709.2019653320312,0.09000000357627869,0.07971951365470886,0.3853844702243805,0.0055699595250189304
6144.0,0.875,0.0,FashionMNIST,10.0,None,0.4059913158416748,0.0,2.367100715637207,5.894716739654541,1.0,2.8284270763397217,3.895010232925415,poly_sketch,0.01,6.673624753952026,countsketch_scatter,3.0,0.8999999761581421,132748.171875,0.09000000357627869,3.9087729454040527,2.3025856018066406,0.184034064412117
7168.0,0.875,0.0,FashionMNIST,10.0,None,1.3182504177093506,0.0,0.10265997797250748,0.019298959523439407,0.05721836909651756,2.8284270763397217,3.895010232925415,poly_sketch,0.01,8.57743763923645,rademacher,3.0,0.13050000369548798,628.8828735351562,0.09000000357627869,0.07185351848602295,0.3822735846042633,0.003816191805526614
7168.0,0.875,0.0,FashionMNIST,10.0,None,0.6206164360046387,0.0,0.1650872826576233,0.03675799071788788,0.07896677404642105,2.8284270763397217,3.895010232925415,poly_sketch,0.01,8.575514078140259,srht,3.0,0.13179999589920044,657.5347290039062,0.09000000357627869,0.07222456485033035,0.38704437017440796,0.005429546814411879
7168.0,0.875,0.0,FashionMNIST,10.0,None,0.4574902057647705,0.0,2.367100715637207,5.894716739654541,1.0,2.8284270763397217,3.895010232925415,poly_sketch,0.01,8.855699300765991,countsketch_scatter,3.0,0.8999999761581421,132748.171875,0.09000000357627869,3.9087729454040527,2.3025856018066406,0.184034064412117
8192.0,0.875,0.0,FashionMNIST,10.0,None,1.5028572082519531,0.0,0.08840823918581009,0.013742014765739441,0.04828294739127159,2.8284270763397217,3.895010232925415,poly_sketch,0.01,11.14448595046997,rademacher,3.0,0.1306999921798706,637.4205932617188,0.09000000357627869,0.07214134931564331,0.38258713483810425,0.0038426087703555822
8192.0,0.875,0.0,FashionMNIST,10.0,None,0.7066490650177002,0.0,0.10928958654403687,0.020734133198857307,0.059307754039764404,2.8284270763397217,3.895010232925415,poly_sketch,0.01,11.146989345550537,srht,3.0,0.13220000267028809,609.2130126953125,0.09000000357627869,0.06932667642831802,0.3811664581298828,0.003606201149523258
8192.0,0.875,0.0,FashionMNIST,10.0,None,0.5409448146820068,0.0,2.367100715637207,5.894716739654541,1.0,2.8284270763397217,3.895010232925415,poly_sketch,0.01,11.460496187210083,countsketch_scatter,3.0,0.8999999761581421,132748.171875,0.09000000357627869,3.9087729454040527,2.3025856018066406,0.184034064412117
9216.0,0.875,0.0,FashionMNIST,10.0,None,1.6954765319824219,0.0,0.07215631753206253,0.009002472274005413,0.039079539477825165,2.8284270763397217,3.895010232925415,poly_sketch,0.01,14.137558460235596,rademacher,3.0,0.13019999861717224,557.0607299804688,0.09000000357627869,0.06385883688926697,0.37985149025917053,0.0028530668932944536
9216.0,0.875,0.0,FashionMNIST,10.0,None,0.8485457897186279,0.0,0.07502688467502594,0.009748206473886967,0.040665946900844574,2.8284270763397217,3.895010232925415,poly_sketch,0.01,14.155838251113892,srht,3.0,0.12870000302791595,545.4506225585938,0.09000000357627869,0.06196695566177368,0.3788108825683594,0.0029363653156906366
9216.0,0.875,0.0,FashionMNIST,10.0,None,0.6323893070220947,0.0,2.367100715637207,5.894716739654541,1.0,2.8284270763397217,3.895010232925415,poly_sketch,0.01,14.518106460571289,countsketch_scatter,3.0,0.8999999761581421,132748.171875,0.09000000357627869,3.9087729454040527,2.3025856018066406,0.184034064412117
10240.0,0.875,0.0,FashionMNIST,10.0,None,1.875671148300171,0.0,0.0915357768535614,0.012898948974907398,0.04677843302488327,2.8284270763397217,3.895010232925415,poly_sketch,0.01,17.35680341720581,rademacher,3.0,0.13040000200271606,493.66632080078125,0.09000000357627869,0.05656988173723221,0.37671247124671936,0.003322108881548047
10240.0,0.875,0.0,FashionMNIST,10.0,None,1.003265142440796,0.0,0.05482051149010658,0.004855092614889145,0.028699034824967384,2.8284270763397217,3.895010232925415,poly_sketch,0.01,17.35892653465271,srht,3.0,0.12939999997615814,516.0201416015625,0.09000000357627869,0.059225086122751236,0.3763221502304077,0.002857003128156066
10240.0,0.875,0.0,FashionMNIST,10.0,None,0.6899046897888184,0.0,2.367100715637207,5.894716739654541,1.0,2.8284270763397217,3.895010232925415,poly_sketch,0.01,17.773239135742188,countsketch_scatter,3.0,0.8999999761581421,132748.171875,0.09000000357627869,3.9087729454040527,2.3025856018066406,0.184034064412117
1024.0,0.875,0.0,FashionMNIST,10.0,None,0.20131254196166992,0.0,0.3557448387145996,0.21879951655864716,0.1923636943101883,2.8284270763397217,3.895010232925415,poly_sketch,0.01,0.2569081783294678,rademacher,4.0,0.1517999917268753,2784.80908203125,0.09000000357627869,0.2752872109413147,0.44827479124069214,0.034123796969652176
1024.0,0.875,1.0,FashionMNIST,10.0,None,0.7091286182403564,0.0,0.1320984661579132,0.02492442913353443,0.06492508947849274,2.8284270763397217,3.895010232925415,poly_sketch,0.01,0.7662935256958008,rademacher,4.0,0.1476999968290329,1269.566650390625,0.09000000357627869,0.12018728256225586,0.42324113845825195,0.024147124961018562
1024.0,0.875,0.0,FashionMNIST,10.0,None,0.09362196922302246,0.0,0.33999088406562805,0.15131984651088715,0.15997342765331268,2.8284270763397217,3.895010232925415,poly_sketch,0.01,0.2565288543701172,srht,4.0,0.15150000154972076,2817.292236328125,0.09000000357627869,0.27129116654396057,0.444793164730072,0.035500574856996536
1024.0,0.875,1.0,FashionMNIST,10.0,None,0.2382948398590088,0.0,0.09858422726392746,0.015223080292344093,0.050740085542201996,2.8284270763397217,3.895010232925415,poly_sketch,0.01,0.7659170627593994,srht,4.0,0.14569999277591705,1238.6904296875,0.09000000357627869,0.11848296225070953,0.4245147407054901,0.02288130484521389
1024.0,0.875,0.0,FashionMNIST,10.0,None,0.10684466361999512,0.0,2.3705098628997803,5.912895202636719,1.0,2.8284270763397217,3.895010232925415,poly_sketch,0.01,0.29207372665405273,countsketch_scatter,4.0,0.8610999584197998,131066.8515625,0.09000000357627869,3.931752920150757,2.3024885654449463,0.17917008697986603
2048.0,0.875,0.0,FashionMNIST,10.0,None,0.3891737461090088,0.0,0.20076346397399902,0.058725014328956604,0.09965784102678299,2.8284270763397217,3.895010232925415,poly_sketch,0.01,0.975308895111084,rademacher,4.0,0.14630000293254852,1765.1072998046875,0.09000000357627869,0.17777132987976074,0.4209989607334137,0.019623050466179848
2048.0,0.875,1.0,FashionMNIST,10.0,None,1.3989901542663574,0.0,0.06264051795005798,0.006322489120066166,0.032699715346097946,2.8284270763397217,3.895010232925415,poly_sketch,0.01,2.7195026874542236,rademacher,4.0,0.13910000026226044,669.65869140625,0.09000000357627869,0.07090392708778381,0.39870843291282654,0.009920625016093254
2048.0,0.875,0.0,FashionMNIST,10.0,None,0.19110965728759766,0.0,0.2749846577644348,0.12380506098270416,0.14470018446445465,2.8284270763397217,3.895010232925415,poly_sketch,0.01,0.9759924411773682,srht,4.0,0.14149999618530273,1704.6978759765625,0.09000000357627869,0.18196964263916016,0.41819292306900024,0.018426664173603058
2048.0,0.875,1.0,FashionMNIST,10.0,None,0.4706003665924072,0.0,0.07873141765594482,0.009143567644059658,0.03932400420308113,2.8284270763397217,3.895010232925415,poly_sketch,0.01,2.7217061519622803,srht,4.0,0.13729999959468842,636.77197265625,0.09000000357627869,0.06729073822498322,0.39698463678359985,0.009306322783231735
2048.0,0.875,0.0,FashionMNIST,10.0,None,0.17123079299926758,0.0,2.3705098628997803,5.912895202636719,1.0,2.8284270763397217,3.895010232925415,poly_sketch,0.01,1.0601119995117188,countsketch_scatter,4.0,0.8999999761581421,133370.0625,0.09000000357627869,3.9317727088928223,2.3025856018066406,0.17917011678218842
3072.0,0.875,0.0,FashionMNIST,10.0,None,0.57399582862854,0.0,0.1692119985818863,0.04299027845263481,0.0852677971124649,2.8284270763397217,3.895010232925415,poly_sketch,0.01,1.8257946968078613,rademacher,4.0,0.1419999897480011,1232.78076171875,0.09000000357627869,0.13168425858020782,0.40949490666389465,0.012441224418580532
3072.0,0.875,1.0,FashionMNIST,10.0,None,2.089705228805542,0.0,0.08528883010149002,0.011132457293570042,0.043390579521656036,2.8284270763397217,3.895010232925415,poly_sketch,0.01,5.880075454711914,rademacher,4.0,0.13199999928474426,423.0526428222656,0.09000000357627869,0.04833865165710449,0.3848443627357483,0.004407007712870836
3072.0,0.875,0.0,FashionMNIST,10.0,None,0.27603793144226074,0.0,0.20282763242721558,0.07181715220212936,0.11020822823047638,2.8284270763397217,3.895010232925415,poly_sketch,0.01,1.822385311126709,srht,4.0,0.13830000162124634,1196.0030517578125,0.09000000357627869,0.12970855832099915,0.4054153561592102,0.01190933771431446
3072.0,0.875,1.0,FashionMNIST,10.0,None,0.6984691619873047,0.0,0.047313619405031204,0.0035207094624638557,0.024401413276791573,2.8284270763397217,3.895010232925415,poly_sketch,0.01,5.877480745315552,srht,4.0,0.1322999894618988,442.3248596191406,0.09000000357627869,0.049371737986803055,0.38577157258987427,0.00538258533924818
3072.0,0.875,0.0,FashionMNIST,10.0,None,0.23681402206420898,0.0,2.3705098628997803,5.912895202636719,1.0,2.8284270763397217,3.895010232925415,poly_sketch,0.01,1.936786413192749,countsketch_scatter,4.0,0.8999999761581421,133370.0625,0.09000000357627869,3.9317727088928223,2.3025856018066406,0.17917011678218842
4096.0,0.875,0.0,FashionMNIST,10.0,None,0.7598097324371338,0.0,0.12324954569339752,0.026490919291973114,0.0669342577457428,2.8284270763397217,3.895010232925415,poly_sketch,0.01,3.0306708812713623,rademacher,4.0,0.13609999418258667,989.8627319335938,0.09000000357627869,0.10997790098190308,0.3978397846221924,0.008237051777541637
4096.0,0.875,1.0,FashionMNIST,10.0,None,2.7765445709228516,0.0,0.09632164239883423,0.01275699120014906,0.04644875228404999,2.8284270763397217,3.895010232925415,poly_sketch,0.01,10.260202646255493,rademacher,4.0,0.12999999523162842,340.53643798828125,0.09000000357627869,0.03790123388171196,0.3774597942829132,0.0037785819731652737
4096.0,0.875,0.0,FashionMNIST,10.0,None,0.36182475090026855,0.0,0.3226134479045868,0.1353229135274887,0.1512814164161682,2.8284270763397217,3.895010232925415,poly_sketch,0.01,3.0316545963287354,srht,4.0,0.13650000095367432,1008.3785400390625,0.09000000357627869,0.10747305303812027,0.39786624908447266,0.00975822750478983
4096.0,0.875,1.0,FashionMNIST,10.0,None,0.9267082214355469,0.0,0.05307064950466156,0.004343531094491482,0.027103252708911896,2.8284270763397217,3.895010232925415,poly_sketch,0.01,10.253565788269043,srht,4.0,0.13050000369548798,324.4611511230469,0.09000000357627869,0.03738477826118469,0.3790126442909241,0.003040093695744872
4096.0,0.875,0.0,FashionMNIST,10.0,None,0.3031153678894043,0.0,2.3705098628997803,5.912895202636719,1.0,2.8284270763397217,3.895010232925415,poly_sketch,0.01,3.1807384490966797,countsketch_scatter,4.0,0.8999999761581421,133370.0625,0.09000000357627869,3.9317727088928223,2.3025856018066406,0.17917011678218842
5120.0,0.875,0.0,FashionMNIST,10.0,None,0.9476759433746338,0.0,0.160628542304039,0.03710050508379936,0.07921179383993149,2.8284270763397217,3.895010232925415,poly_sketch,0.01,4.621263265609741,rademacher,4.0,0.1356000006198883,823.8217163085938,0.09000000357627869,0.09262870997190475,0.3928892910480499,0.006612333934754133
5120.0,0.875,1.0,FashionMNIST,10.0,None,3.4666366577148438,0.0,0.12292662262916565,0.019375339150428772,0.057243287563323975,2.8284270763397217,3.895010232925415,poly_sketch,0.01,15.921211957931519,rademacher,4.0,0.12969999015331268,269.3623962402344,0.09000000357627869,0.03228771314024925,0.3748861849308014,0.001960110617801547
5120.0,0.875,0.0,FashionMNIST,10.0,None,0.4496128559112549,0.0,0.09579168260097504,0.01449954230338335,0.04951959475874901,2.8284270763397217,3.895010232925415,poly_sketch,0.01,4.62908673286438,srht,4.0,0.13580000400543213,828.4459228515625,0.09000000357627869,0.09299436956644058,0.39333823323249817,0.006510312203317881
5120.0,0.875,1.0,FashionMNIST,10.0,None,1.158536672592163,0.0,0.03321242332458496,0.001798422308638692,0.01743997074663639,2.8284270763397217,3.895010232925415,poly_sketch,0.01,15.906673192977905,srht,4.0,0.12719999253749847,261.22796630859375,0.09000000357627869,0.030363647267222404,0.37276750802993774,0.0023732446134090424
5120.0,0.875,0.0,FashionMNIST,10.0,None,0.3650195598602295,0.0,2.3705098628997803,5.912895202636719,1.0,2.8284270763397217,3.895010232925415,poly_sketch,0.01,4.8219382762908936,countsketch_scatter,4.0,0.8999999761581421,133370.0625,0.09000000357627869,3.9317727088928223,2.3025856018066406,0.17917011678218842
6144.0,0.875,0.0,FashionMNIST,10.0,None,1.1313493251800537,0.0,0.3835267126560211,0.23765750229358673,0.20048213005065918,2.8284270763397217,3.895010232925415,poly_sketch,0.01,6.439409494400024,rademacher,4.0,0.1348000019788742,806.9219360351562,0.09000000357627869,0.0890115275979042,0.3867086172103882,0.00509843323379755
6144.0,0.875,0.0,FashionMNIST,10.0,None,0.5320374965667725,0.0,0.0943000465631485,0.015543503686785698,0.05127130448818207,2.8284270763397217,3.895010232925415,poly_sketch,0.01,6.441722869873047,srht,4.0,0.13220000267028809,737.1640014648438,0.09000000357627869,0.08264460414648056,0.3847593665122986,0.0048495084047317505
6144.0,0.875,0.0,FashionMNIST,10.0,None,0.4054386615753174,0.0,2.3705098628997803,5.912895202636719,1.0,2.8284270763397217,3.895010232925415,poly_sketch,0.01,6.678296327590942,countsketch_scatter,4.0,0.8999999761581421,133370.0625,0.09000000357627869,3.9317727088928223,2.3025856018066406,0.17917011678218842
7168.0,0.875,0.0,FashionMNIST,10.0,None,1.3178372383117676,0.0,0.09970381110906601,0.018967295065522194,0.05663730949163437,2.8284270763397217,3.895010232925415,poly_sketch,0.01,8.576750993728638,rademacher,4.0,0.13099999725818634,679.7802734375,0.09000000357627869,0.07538407295942307,0.38392943143844604,0.003822772763669491
7168.0,0.875,0.0,FashionMNIST,10.0,None,0.6208181381225586,0.0,0.09984081983566284,0.014992787502706051,0.05035482719540596,2.8284270763397217,3.895010232925415,poly_sketch,0.01,8.574913263320923,srht,4.0,0.13159999251365662,676.927978515625,0.09000000357627869,0.07483267039060593,0.38368380069732666,0.004462721291929483
7168.0,0.875,0.0,FashionMNIST,10.0,None,0.45781922340393066,0.0,2.3705098628997803,5.912895202636719,1.0,2.8284270763397217,3.895010232925415,poly_sketch,0.01,8.852055311203003,countsketch_scatter,4.0,0.8999999761581421,133370.0625,0.09000000357627869,3.9317727088928223,2.3025856018066406,0.17917011678218842
8192.0,0.875,0.0,FashionMNIST,10.0,None,1.5028421878814697,0.0,0.262564092874527,0.09280774742364883,0.12528297305107117,2.8284270763397217,3.895010232925415,poly_sketch,0.01,11.132689237594604,rademacher,4.0,0.13120000064373016,588.8013305664062,0.09000000357627869,0.06488191336393356,0.3808988928794861,0.004427519626915455
8192.0,0.875,0.0,FashionMNIST,10.0,None,0.7073769569396973,0.0,0.06386446207761765,0.007690819911658764,0.03606502339243889,2.8284270763397217,3.895010232925415,poly_sketch,0.01,11.139986991882324,srht,4.0,0.12799999117851257,619.5032958984375,0.09000000357627869,0.07020796835422516,0.37930142879486084,0.0038344489876180887
8192.0,0.875,0.0,FashionMNIST,10.0,None,0.5008628368377686,0.0,2.3705098628997803,5.912895202636719,1.0,2.8284270763397217,3.895010232925415,poly_sketch,0.01,11.462477207183838,countsketch_scatter,4.0,0.8999999761581421,133370.0625,0.09000000357627869,3.9317727088928223,2.3025856018066406,0.17917011678218842
9216.0,0.875,0.0,FashionMNIST,10.0,None,1.6893634796142578,0.0,0.08872971683740616,0.013837482780218124,0.04837583005428314,2.8284270763397217,3.895010232925415,poly_sketch,0.01,14.150008201599121,rademacher,4.0,0.13089999556541443,552.5927734375,0.09000000357627869,0.06300126016139984,0.3793082535266876,0.0027438716497272253
9216.0,0.875,0.0,FashionMNIST,10.0,None,0.7907218933105469,0.0,0.08217165619134903,0.011824170127511024,0.04471829533576965,2.8284270763397217,3.895010232925415,poly_sketch,0.01,14.149658679962158,srht,4.0,0.12839999794960022,537.2418823242188,0.09000000357627869,0.06037299707531929,0.37875381112098694,0.0030112548265606165
9216.0,0.875,0.0,FashionMNIST,10.0,None,0.6032416820526123,0.0,2.3705098628997803,5.912895202636719,1.0,2.8284270763397217,3.895010232925415,poly_sketch,0.01,14.5096435546875,countsketch_scatter,4.0,0.8999999761581421,133370.0625,0.09000000357627869,3.9317727088928223,2.3025856018066406,0.17917011678218842
10240.0,0.875,0.0,FashionMNIST,10.0,None,1.8753082752227783,0.0,0.07571806758642197,0.009601473808288574,0.04029664024710655,2.8284270763397217,3.895010232925415,poly_sketch,0.01,17.350895404815674,rademacher,4.0,0.1297999918460846,495.99365234375,0.09000000357627869,0.056739240884780884,0.37863320112228394,0.002823315327987075
10240.0,0.875,0.0,FashionMNIST,10.0,None,1.0061516761779785,0.0,0.07051645219326019,0.008331941440701485,0.03753816336393356,2.8284270763397217,3.895010232925415,poly_sketch,0.01,17.35600996017456,srht,4.0,0.12969999015331268,510.4405212402344,0.09000000357627869,0.05879161134362221,0.378562331199646,0.002516968874260783
10240.0,0.875,0.0,FashionMNIST,10.0,None,0.688427209854126,0.0,2.3705098628997803,5.912895202636719,1.0,2.8284270763397217,3.895010232925415,poly_sketch,0.01,17.8268780708313,countsketch_scatter,4.0,0.8999999761581421,133370.0625,0.09000000357627869,3.9317727088928223,2.3025856018066406,0.17917011678218842
1024.0,0.875,0.0,FashionMNIST,10.0,None,0.2013075351715088,0.0,0.21175067126750946,0.0889173373579979,0.12242283672094345,2.8284270763397217,3.895010232925415,poly_sketch,0.01,0.2573692798614502,rademacher,5.0,0.1551000028848648,2810.196533203125,0.09000000357627869,0.26991474628448486,0.4517219662666321,0.03802131116390228
1024.0,0.875,1.0,FashionMNIST,10.0,None,0.7099835872650146,0.0,0.08797623962163925,0.01277842279523611,0.04640959948301315,2.8284270763397217,3.895010232925415,poly_sketch,0.01,0.7669656276702881,rademacher,5.0,0.1477999985218048,1184.483642578125,0.09000000357627869,0.11524707078933716,0.42118948698043823,0.02227962762117386
1024.0,0.875,0.0,FashionMNIST,10.0,None,0.09587979316711426,0.0,0.3267051577568054,0.17188787460327148,0.17021265625953674,2.8284270763397217,3.895010232925415,poly_sketch,0.01,0.25725769996643066,srht,5.0,0.15609999001026154,2818.0283203125,0.09000000357627869,0.27410340309143066,0.45042064785957336,0.037807926535606384
1024.0,0.875,1.0,FashionMNIST,10.0,None,0.23830437660217285,0.0,0.08659730106592178,0.011950819753110409,0.04488157480955124,2.8284270763397217,3.895010232925415,poly_sketch,0.01,0.7664265632629395,srht,5.0,0.14409999549388885,1204.7545166015625,0.09000000357627869,0.11680988222360611,0.4210837185382843,0.023183133453130722
1024.0,0.875,0.0,FashionMNIST,10.0,None,0.10996150970458984,0.0,2.3751769065856934,5.932825565338135,1.0,2.8284270763397217,3.895010232925415,poly_sketch,0.01,0.29240846633911133,countsketch_scatter,5.0,0.9047999978065491,133339.265625,0.09000000357627869,3.911120891571045,2.3025856018066406,0.1789114773273468
2048.0,0.875,0.0,FashionMNIST,10.0,None,0.38919878005981445,0.0,0.220515176653862,0.07916928082704544,0.11551743745803833,2.8284270763397217,3.895010232925415,poly_sketch,0.01,0.9753575325012207,rademacher,5.0,0.14419999718666077,1636.6070556640625,0.09000000357627869,0.16978994011878967,0.4198513925075531,0.02000338025391102
2048.0,0.875,1.0,FashionMNIST,10.0,None,1.3996295928955078,0.0,0.06805074214935303,0.00690798694267869,0.03412282466888428,2.8284270763397217,3.895010232925415,poly_sketch,0.01,2.7227232456207275,rademacher,5.0,0.1363999992609024,614.7201538085938,0.09000000357627869,0.06601465493440628,0.3955792188644409,0.008922779001295567
2048.0,0.875,0.0,FashionMNIST,10.0,None,0.19083762168884277,0.0,0.26427868008613586,0.10828525573015213,0.13509954512119293,2.8284270763397217,3.895010232925415,poly_sketch,0.01,0.9848349094390869,srht,5.0,0.14419999718666077,1669.7630615234375,0.09000000357627869,0.1731831580400467,0.414749413728714,0.01805257797241211
2048.0,0.875,1.0,FashionMNIST,10.0,None,0.4715251922607422,0.0,0.06373792141675949,0.006392211653292179,0.03282424807548523,2.8284270763397217,3.895010232925415,poly_sketch,0.01,2.722269296646118,srht,5.0,0.13609999418258667,634.1676635742188,0.09000000357627869,0.06754177063703537,0.3979976773262024,0.009708518162369728
2048.0,0.875,0.0,FashionMNIST,10.0,None,0.1712651252746582,0.0,2.3751769065856934,5.932825565338135,1.0,2.8284270763397217,3.895010232925415,poly_sketch,0.01,1.0489184856414795,countsketch_scatter,5.0,0.8999999761581421,133128.03125,0.09000000357627869,3.911120891571045,2.3025856018066406,0.1789114773273468
3072.0,0.875,0.0,FashionMNIST,10.0,None,0.5741698741912842,0.0,0.26549863815307617,0.09212985634803772,0.12461473792791367,2.8284270763397217,3.895010232925415,poly_sketch,0.01,1.8317196369171143,rademacher,5.0,0.14019998908042908,1247.6470947265625,0.09000000357627869,0.12940314412117004,0.4092276990413666,0.013948454521596432
3072.0,0.875,1.0,FashionMNIST,10.0,None,2.0895438194274902,0.0,0.13210849463939667,0.024208158254623413,0.06387782096862793,2.8284270763397217,3.895010232925415,poly_sketch,0.01,5.877984046936035,rademacher,5.0,0.13159999251365662,426.74053955078125,0.09000000357627869,0.04898391664028168,0.38706913590431213,0.004857990425080061
3072.0,0.875,0.0,FashionMNIST,10.0,None,0.2756309509277344,0.0,0.17409375309944153,0.05463254824280739,0.09596103429794312,2.8284270763397217,3.895010232925415,poly_sketch,0.01,1.8311717510223389,srht,5.0,0.1404999941587448,1210.2264404296875,0.09000000357627869,0.1305108517408371,0.4061713218688965,0.012515951879322529
3072.0,0.875,1.0,FashionMNIST,10.0,None,0.6984403133392334,0.0,0.044663529843091965,0.003170713083818555,0.02311786450445652,2.8284270763397217,3.895010232925415,poly_sketch,0.01,5.87831974029541,srht,5.0,0.1322999894618988,420.2948913574219,0.09000000357627869,0.04739689454436302,0.3858562409877777,0.005132458172738552
3072.0,0.875,0.0,FashionMNIST,10.0,None,0.23773646354675293,0.0,2.3751769065856934,5.932825565338135,1.0,2.8284270763397217,3.895010232925415,poly_sketch,0.01,1.9359526634216309,countsketch_scatter,5.0,0.8999999761581421,133128.03125,0.09000000357627869,3.911120891571045,2.3025856018066406,0.1789114773273468
4096.0,0.875,0.0,FashionMNIST,10.0,None,0.7595458030700684,0.0,0.11368659138679504,0.021688012406229973,0.06046152487397194,2.8284270763397217,3.895010232925415,poly_sketch,0.01,3.0320982933044434,rademacher,5.0,0.13679999113082886,963.296875,0.09000000357627869,0.10581950843334198,0.396912157535553,0.00878732930868864
4096.0,0.875,1.0,FashionMNIST,10.0,None,2.776521921157837,0.0,0.06242945045232773,0.006054977886378765,0.031946662813425064,2.8284270763397217,3.895010232925415,poly_sketch,0.01,10.260388612747192,rademacher,5.0,0.13179999589920044,320.3511962890625,0.09000000357627869,0.03751792013645172,0.37853774428367615,0.0028955452144145966
4096.0,0.875,0.0,FashionMNIST,10.0,None,0.3613893985748291,0.0,0.095984548330307,0.01652734912931919,0.05278017371892929,2.8284270763397217,3.895010232925415,poly_sketch,0.01,3.031412363052368,srht,5.0,0.13609999418258667,987.5097045898438,0.09000000357627869,0.10925639420747757,0.39919379353523254,0.008480959571897984
4096.0,0.875,1.0,FashionMNIST,10.0,None,0.9267857074737549,0.0,0.05023125931620598,0.003851309884339571,0.02547847479581833,2.8284270763397217,3.895010232925415,poly_sketch,0.01,10.253227233886719,srht,5.0,0.13079999387264252,315.6138610839844,0.09000000357627869,0.036438219249248505,0.3783070147037506,0.0031850524246692657
4096.0,0.875,0.0,FashionMNIST,10.0,None,0.3008291721343994,0.0,2.3751769065856934,5.932825565338135,1.0,2.8284270763397217,3.895010232925415,poly_sketch,0.01,3.1805360317230225,countsketch_scatter,5.0,0.8999999761581421,133128.03125,0.09000000357627869,3.911120891571045,2.3025856018066406,0.1789114773273468
5120.0,0.875,0.0,FashionMNIST,10.0,None,0.9475693702697754,0.0,0.25389066338539124,0.0866837203502655,0.12087541818618774,2.8284270763397217,3.895010232925415,poly_sketch,0.01,4.628113269805908,rademacher,5.0,0.13679999113082886,906.953125,0.09000000357627869,0.09677036851644516,0.39290115237236023,0.008905667811632156
5120.0,0.875,1.0,FashionMNIST,10.0,None,3.4669289588928223,0.0,0.06712829321622849,0.006353427655994892,0.032724518328905106,2.8284270763397217,3.895010232925415,poly_sketch,0.01,15.923701047897339,rademacher,5.0,0.12860000133514404,279.00152587890625,0.09000000357627869,0.03182746842503548,0.37591010332107544,0.002744933357462287
5120.0,0.875,0.0,FashionMNIST,10.0,None,0.4491434097290039,0.0,0.08138769119977951,0.011592840775847435,0.044204261153936386,2.8284270763397217,3.895010232925415,poly_sketch,0.01,4.625821352005005,srht,5.0,0.13499999046325684,839.3057861328125,0.09000000357627869,0.09426815807819366,0.3923843204975128,0.006444063503295183
5120.0,0.875,1.0,FashionMNIST,10.0,None,1.1587507724761963,0.0,0.03868413344025612,0.002328810514882207,0.019812364131212234,2.8284270763397217,3.895010232925415,poly_sketch,0.01,15.905424118041992,srht,5.0,0.1282999962568283,269.51806640625,0.09000000357627869,0.030962057411670685,0.37334775924682617,0.0024418840184807777
5120.0,0.875,0.0,FashionMNIST,10.0,None,0.40243101119995117,0.0,2.3751769065856934,5.932825565338135,1.0,2.8284270763397217,3.895010232925415,poly_sketch,0.01,4.817458391189575,countsketch_scatter,5.0,0.8999999761581421,133128.03125,0.09000000357627869,3.911120891571045,2.3025856018066406,0.1789114773273468
6144.0,0.875,0.0,FashionMNIST,10.0,None,1.1313045024871826,0.0,0.1388610601425171,0.028341444209218025,0.0691162496805191,2.8284270763397217,3.895010232925415,poly_sketch,0.01,6.441335678100586,rademacher,5.0,0.12969999015331268,752.3893432617188,0.09000000357627869,0.0843178778886795,0.3870137929916382,0.006107277702540159
6144.0,0.875,0.0,FashionMNIST,10.0,None,0.5311999320983887,0.0,0.09743975102901459,0.014874977059662342,0.05007227882742882,2.8284270763397217,3.895010232925415,poly_sketch,0.01,6.445310115814209,srht,5.0,0.13459999859333038,739.8396606445312,0.09000000357627869,0.08133991807699203,0.3870164453983307,0.005507919937372208
6144.0,0.875,0.0,FashionMNIST,10.0,None,0.40612149238586426,0.0,2.3751769065856934,5.932825565338135,1.0,2.8284270763397217,3.895010232925415,poly_sketch,0.01,6.6742637157440186,countsketch_scatter,5.0,0.8999999761581421,133128.03125,0.09000000357627869,3.911120891571045,2.3025856018066406,0.1789114773273468
7168.0,0.875,0.0,FashionMNIST,10.0,None,1.3180975914001465,0.0,0.08154100924730301,0.01143451128154993,0.043901365250349045,2.8284270763397217,3.895010232925415,poly_sketch,0.01,8.579250574111938,rademacher,5.0,0.13040000200271606,645.9574584960938,0.09000000357627869,0.07415326684713364,0.38274312019348145,0.004021449014544487
7168.0,0.875,0.0,FashionMNIST,10.0,None,0.6207220554351807,0.0,0.08865512907505035,0.01838860660791397,0.05567287281155586,2.8284270763397217,3.895010232925415,poly_sketch,0.01,8.578193664550781,srht,5.0,0.13220000267028809,668.5363159179688,0.09000000357627869,0.07546816766262054,0.3828617036342621,0.004173582419753075
7168.0,0.875,0.0,FashionMNIST,10.0,None,0.4569258689880371,0.0,2.3751769065856934,5.932825565338135,1.0,2.8284270763397217,3.895010232925415,poly_sketch,0.01,8.854457139968872,countsketch_scatter,5.0,0.8999999761581421,133128.03125,0.09000000357627869,3.911120891571045,2.3025856018066406,0.1789114773273468
8192.0,0.875,0.0,FashionMNIST,10.0,None,1.502866506576538,0.0,0.06751682609319687,0.007884467020630836,0.036454856395721436,2.8284270763397217,3.895010232925415,poly_sketch,0.01,11.14682388305664,rademacher,5.0,0.12919999659061432,550.9519653320312,0.09000000357627869,0.06479533761739731,0.3798603117465973,0.0030647548846900463
8192.0,0.875,0.0,FashionMNIST,10.0,None,0.7074472904205322,0.0,0.14210312068462372,0.027376355603337288,0.06792928278446198,2.8284270763397217,3.895010232925415,poly_sketch,0.01,11.145686149597168,srht,5.0,0.1281999945640564,576.6158447265625,0.09000000357627869,0.06654597818851471,0.3804405629634857,0.003884495235979557
8192.0,0.875,0.0,FashionMNIST,10.0,None,0.5402212142944336,0.0,2.3751769065856934,5.932825565338135,1.0,2.8284270763397217,3.895010232925415,poly_sketch,0.01,11.46063494682312,countsketch_scatter,5.0,0.8999999761581421,133128.03125,0.09000000357627869,3.911120891571045,2.3025856018066406,0.1789114773273468
9216.0,0.875,0.0,FashionMNIST,10.0,None,1.688927173614502,0.0,0.1904429942369461,0.046111393719911575,0.08816035836935043,2.8284270763397217,3.895010232925415,poly_sketch,0.01,14.138612508773804,rademacher,5.0,0.13099999725818634,545.2166137695312,0.09000000357627869,0.061145126819610596,0.3783758878707886,0.003561974735930562
9216.0,0.875,0.0,FashionMNIST,10.0,None,0.848313570022583,0.0,0.06349238008260727,0.00728032598271966,0.03503036126494408,2.8284270763397217,3.895010232925415,poly_sketch,0.01,14.155202150344849,srht,5.0,0.12719999253749847,534.862060546875,0.09000000357627869,0.06060464680194855,0.37602248787879944,0.0031367046758532524
9216.0,0.875,0.0,FashionMNIST,10.0,None,0.6331572532653809,0.0,2.3751769065856934,5.932825565338135,1.0,2.8284270763397217,3.895010232925415,poly_sketch,0.01,14.520331382751465,countsketch_scatter,5.0,0.8999999761581421,133128.03125,0.09000000357627869,3.911120891571045,2.3025856018066406,0.1789114773273468
10240.0,0.875,0.0,FashionMNIST,10.0,None,1.8755807876586914,0.0,0.08149082958698273,0.010941820219159126,0.04294513538479805,2.8284270763397217,3.895010232925415,poly_sketch,0.01,17.353323459625244,rademacher,5.0,0.12960000336170197,486.444091796875,0.09000000357627869,0.056813571602106094,0.37665295600891113,0.0020420642103999853
10240.0,0.875,0.0,FashionMNIST,10.0,None,1.002000331878662,0.0,0.0820545181632042,0.011334308423101902,0.04370858147740364,2.8284270763397217,3.895010232925415,poly_sketch,0.01,17.356441974639893,srht,5.0,0.13019999861717224,490.28424072265625,0.09000000357627869,0.05554792657494545,0.3794131278991699,0.003004562808200717
10240.0,0.875,0.0,FashionMNIST,10.0,None,0.6922526359558105,0.0,2.3751769065856934,5.932825565338135,1.0,2.8284270763397217,3.895010232925415,poly_sketch,0.01,17.77247381210327,countsketch_scatter,5.0,0.8999999761581421,133128.03125,0.09000000357627869,3.911120891571045,2.3025856018066406,0.1789114773273468
1024.0,0.875,0.0,FashionMNIST,10.0,None,0.20129895210266113,0.0,0.25330522656440735,0.10337734967470169,0.1320568472146988,2.8284270763397217,3.895010232925415,poly_sketch,0.01,0.2573685646057129,rademacher,6.0,0.15600000321865082,3174.331787109375,0.09000000357627869,0.29061955213546753,0.45400184392929077,0.040217578411102295
1024.0,0.875,1.0,FashionMNIST,10.0,None,0.7093944549560547,0.0,0.127555251121521,0.02505623921751976,0.06501389294862747,2.8284270763397217,3.895010232925415,poly_sketch,0.01,0.7659220695495605,rademacher,6.0,0.14379999041557312,1217.0386962890625,0.09000000357627869,0.1170317754149437,0.41775184869766235,0.02207053080201149
1024.0,0.875,0.0,FashionMNIST,10.0,None,0.09343171119689941,0.0,0.22005808353424072,0.07919292151927948,0.11558232456445694,2.8284270763397217,3.895010232925415,poly_sketch,0.01,0.256406307220459,srht,6.0,0.15469999611377716,2846.909423828125,0.09000000357627869,0.2778160870075226,0.4486825466156006,0.034704163670539856
1024.0,0.875,1.0,FashionMNIST,10.0,None,0.23815035820007324,0.0,0.09188862890005112,0.012590798549354076,0.046086620539426804,2.8284270763397217,3.895010232925415,poly_sketch,0.01,0.7659344673156738,srht,6.0,0.14479999244213104,1159.679931640625,0.09000000357627869,0.11186221241950989,0.4215066730976105,0.022440830245614052
1024.0,0.875,0.0,FashionMNIST,10.0,None,0.1067512035369873,0.0,2.3734614849090576,5.927936553955078,1.0,2.8284270763397217,3.895010232925415,poly_sketch,0.01,0.2922060489654541,countsketch_scatter,6.0,0.8996999859809875,134586.734375,0.09000000357627869,3.978071689605713,2.3025856018066406,0.17998024821281433
2048.0,0.875,0.0,FashionMNIST,10.0,None,0.38936614990234375,0.0,0.2532351613044739,0.10296294093132019,0.13179190456867218,2.8284270763397217,3.895010232925415,poly_sketch,0.01,0.9855732917785645,rademacher,6.0,0.14299999177455902,1650.452392578125,0.09000000357627869,0.17593777179718018,0.4182435870170593,0.016791891306638718
2048.0,0.875,1.0,FashionMNIST,10.0,None,1.3992071151733398,0.0,0.07005906105041504,0.007725278846919537,0.03609984368085861,2.8284270763397217,3.895010232925415,poly_sketch,0.01,2.7199058532714844,rademacher,6.0,0.1379999965429306,641.5897827148438,0.09000000357627869,0.06644006818532944,0.3970624804496765,0.010266907513141632
2048.0,0.875,0.0,FashionMNIST,10.0,None,0.19107770919799805,0.0,0.17542356252670288,0.05579765886068344,0.09701887518167496,2.8284270763397217,3.895010232925415,poly_sketch,0.01,0.9853475093841553,srht,6.0,0.14319999516010284,1692.3480224609375,0.09000000357627869,0.17083698511123657,0.4205983281135559,0.018357018008828163
2048.0,0.875,1.0,FashionMNIST,10.0,None,0.4712545871734619,0.0,0.07692398875951767,0.009902670979499817,0.040871862322092056,2.8284270763397217,3.895010232925415,poly_sketch,0.01,2.7190306186676025,srht,6.0,0.13740000128746033,633.1654052734375,0.09000000357627869,0.06649709492921829,0.39625704288482666,0.009462375193834305
2048.0,0.875,0.0,FashionMNIST,10.0,None,0.1709449291229248,0.0,2.3734614849090576,5.927936553955078,1.0,2.8284270763397217,3.895010232925415,poly_sketch,0.01,1.0576355457305908,countsketch_scatter,6.0,0.8999999761581421,134549.234375,0.09000000357627869,3.978071689605713,2.3025856018066406,0.17998024821281433
3072.0,0.875,0.0,FashionMNIST,10.0,None,0.5737695693969727,0.0,0.14648331701755524,0.04187321662902832,0.0840458795428276,2.8284270763397217,3.895010232925415,poly_sketch,0.01,1.823909044265747,rademacher,6.0,0.14019998908042908,1234.733642578125,0.09000000357627869,0.12880562245845795,0.40549236536026,0.013100158423185349
3072.0,0.875,1.0,FashionMNIST,10.0,None,2.089533805847168,0.0,0.05564309284090996,0.004877653904259205,0.02868492528796196,2.8284270763397217,3.895010232925415,poly_sketch,0.01,5.878734111785889,rademacher,6.0,0.13269999623298645,424.2458190917969,0.09000000357627869,0.04680726304650307,0.38356855511665344,0.004935987293720245
3072.0,0.875,0.0,FashionMNIST,10.0,None,0.27643585205078125,0.0,0.358344703912735,0.2032417207956314,0.1851631999015808,2.8284270763397217,3.895010232925415,poly_sketch,0.01,1.8244359493255615,srht,6.0,0.13830000162124634,1285.471435546875,0.09000000357627869,0.13641633093357086,0.40315672755241394,0.011593867093324661
3072.0,0.875,1.0,FashionMNIST,10.0,None,0.6986122131347656,0.0,0.05210137367248535,0.004237745888531208,0.026737187057733536,2.8284270763397217,3.895010232925415,poly_sketch,0.01,5.877230167388916,srht,6.0,0.1340000033378601,412.4716796875,0.09000000357627869,0.04594726860523224,0.3849266469478607,0.005278893280774355
3072.0,0.875,0.0,FashionMNIST,10.0,None,0.23719191551208496,0.0,2.3734614849090576,5.927936553955078,1.0,2.8284270763397217,3.895010232925415,poly_sketch,0.01,1.935213327407837,countsketch_scatter,6.0,0.8999999761581421,134549.234375,0.09000000357627869,3.978071689605713,2.3025856018066406,0.17998024821281433
4096.0,0.875,0.0,FashionMNIST,10.0,None,0.7597129344940186,0.0,0.16186918318271637,0.03616435080766678,0.07810674607753754,2.8284270763397217,3.895010232925415,poly_sketch,0.01,3.037400484085083,rademacher,6.0,0.13809999823570251,1069.4681396484375,0.09000000357627869,0.11101981997489929,0.3987466096878052,0.00999645795673132
4096.0,0.875,1.0,FashionMNIST,10.0,None,2.7766623497009277,0.0,0.058550961315631866,0.006352896802127361,0.0327366404235363,2.8284270763397217,3.895010232925415,poly_sketch,0.01,10.25738525390625,rademacher,6.0,0.12809999287128448,316.1513366699219,0.09000000357627869,0.036609433591365814,0.37780383229255676,0.0026752895209938288
